name	category	relative_path	absolute_path	exists	size_bytes	sha256
raw_paper_pdf	raw_source	download/papers/BeyondMimic_2508.08241.pdf	/mnt/infini-data/test/BeyondMimic/download/papers/BeyondMimic_2508.08241.pdf	True	12502471	6219a2b66ccdab4233a1043439bceaaea3252dadbb037b470671584fc1487db1
raw_paper_source_tar	raw_source	download/papers/BeyondMimic_2508.08241_source.tar	/mnt/infini-data/test/BeyondMimic/download/papers/BeyondMimic_2508.08241_source.tar	True	11439625	6f6d18c7da097d9297784ba8a485fbed1d49a6e5e4d695a00b2a3b2009ea5b5d
download_source_integrity	raw_source	res/source_integrity/download_source_integrity/download_source_integrity_audit.json	/mnt/infini-data/test/BeyondMimic/res/source_integrity/download_source_integrity/download_source_integrity_audit.json	True	13548	41615ad41823713de04d1f582bde0cb305a83847591dbb7eb5f4443401155431
top_level_readme	documentation	README.md	/mnt/infini-data/test/BeyondMimic/README.md	True	2836	b62453f4c5437674b18d703ba500f9b83381fedbf2adb2aaad26b777c4e62938
source_ledger	documentation	reproduction/docs/source_ledger.md	/mnt/infini-data/test/BeyondMimic/reproduction/docs/source_ledger.md	True	4021	98d48feff286f3495ed539412f71d054005d56fcfa9e1230405f84f3c7844c40
local_inventory	documentation	reproduction/docs/local_inventory.tsv	/mnt/infini-data/test/BeyondMimic/reproduction/docs/local_inventory.tsv	True	135911	12fe0cee287ed73c93ccfed8eb305bbc947c2ed88d753de1a46a2f60efc882e9
environment_doc	documentation	reproduction/docs/environment.md	/mnt/infini-data/test/BeyondMimic/reproduction/docs/environment.md	True	9069	70b58d2b5b708eb509e8b47ccd627db075abc64381d0582e1a16bd829f3578ca
experiment_protocol	documentation	reproduction/docs/experiment_protocol.md	/mnt/infini-data/test/BeyondMimic/reproduction/docs/experiment_protocol.md	True	10785	b5d9f448818ab44fd2da6074f31def0061d34510b1cae10003309f7d24c2aef5
bm_analysis_lock	environment	envs/bm_analysis/requirements-lock.txt	/mnt/infini-data/test/BeyondMimic/envs/bm_analysis/requirements-lock.txt	True	552	43d2f0cb38bc1c5d00c4c863305821e0b3d43bdc7162951b5ac5fd6105d07699
bm_tracking_lock	environment	envs/bm_tracking/requirements-lock.txt	/mnt/infini-data/test/BeyondMimic/envs/bm_tracking/requirements-lock.txt	True	4792	862bf0a29650f610018d5f602d5e8e7d189f23107129b1e798edc51949b11f3d
bm_diffusion_lock	environment	envs/bm_diffusion/requirements-lock.txt	/mnt/infini-data/test/BeyondMimic/envs/bm_diffusion/requirements-lock.txt	True	1034	74ef45a437ba22cf21b9007eaeeb32ec9a50b9120b6f18a42b6c7e19e083b744
takeover_audit	environment	res/takeover_audit/takeover_audit.json	/mnt/infini-data/test/BeyondMimic/res/takeover_audit/takeover_audit.json	True	43873	abdb8c48eed45cf96864447554ab4d0b98944afd0323cff3fbcc3ff2be195f1c
env_import_probe	environment	res/setup/env_probe/env_import_probe.json	/mnt/infini-data/test/BeyondMimic/res/setup/env_probe/env_import_probe.json	True	3252	9b1c5ff9d8ce25caf3bd1112ca6f7fdc862e9bdc9d3002915a8cc073fda0a949
vulkan_runtime_probe	environment	res/setup/vulkan_runtime_probe/vulkan_runtime_probe.json	/mnt/infini-data/test/BeyondMimic/res/setup/vulkan_runtime_probe/vulkan_runtime_probe.json	True	5886	e92575f410b1115136c3b2b0b4452923e11e12f32d4237149f8accfb4a1b22bc
cuda_p2p_runtime_probe	environment	res/setup/cuda_p2p_runtime_probe/cuda_p2p_runtime_probe.json	/mnt/infini-data/test/BeyondMimic/res/setup/cuda_p2p_runtime_probe/cuda_p2p_runtime_probe.json	True	2562	1fc8511ba4d02b52c003c968b7b2b0b65bfa78e4d21bd046eef1611364869bea
isaaclab_live_gate_probe	environment	res/setup/isaaclab_live_gate_probe/isaaclab_live_gate_probe.json	/mnt/infini-data/test/BeyondMimic/res/setup/isaaclab_live_gate_probe/isaaclab_live_gate_probe.json	True	74593	584adeade45d1e2823c5b4a7f11aa155c00d4c6acf371ff310a4a6a40e3473ea
isaaclab_gpu_foundation_settings_audit	environment	res/setup/isaaclab_gpu_foundation_settings_audit/isaaclab_gpu_foundation_settings_audit.json	/mnt/infini-data/test/BeyondMimic/res/setup/isaaclab_gpu_foundation_settings_audit/isaaclab_gpu_foundation_settings_audit.json	True	3393	c271ced02e22f5b98274d3f28d7c415e632e293711586b25358e5e7ade951016
resolved_config_json	config	res/config/resolved_reproduction_config.json	/mnt/infini-data/test/BeyondMimic/res/config/resolved_reproduction_config.json	True	4703	a82c6fce58766aa60b0ab97ca8fb3811b896dc5c7748cd25df7c6df6450681ed
resolved_config_yaml	config	res/config/resolved_reproduction_config.yaml	/mnt/infini-data/test/BeyondMimic/res/config/resolved_reproduction_config.yaml	True	4029	7c13fafb103962e02eeabd201768781e6dd9608c4334845114a38527d90e66fb
core_math_tests	code	reproduction/tests/test_core_math.py	/mnt/infini-data/test/BeyondMimic/reproduction/tests/test_core_math.py	True	20608	d31c90903872e84b738492e04b249cf05f7dae6040e657a445f458ca5bc1a83a
reimpl_package_api_tests	code_audit	res/tests/reimpl_package_api_tests/reimpl_package_api_tests.json	/mnt/infini-data/test/BeyondMimic/res/tests/reimpl_package_api_tests/reimpl_package_api_tests.json	True	4705	6b76b0f629ddc721380a96994a24d86a163a4a7be39550b2359cff82c09cc7be
reimpl_test_suite	code_audit	res/tests/reimpl_test_suite/reimpl_test_suite.json	/mnt/infini-data/test/BeyondMimic/res/tests/reimpl_test_suite/reimpl_test_suite.json	True	5038	afd6f4341e9a351358f96a6d6e1461187a69bef27acf377e62c24288634b1ecd
core_test_coverage_audit	code_audit	res/tests/core_test_coverage_audit/core_test_coverage_audit.json	/mnt/infini-data/test/BeyondMimic/res/tests/core_test_coverage_audit/core_test_coverage_audit.json	True	9708	e519a08d34b4ce079600bafe4a5f7e9c35eb679deaaa36b2abed2563bee3b640
coding_requirements_audit	code_audit	res/code/coding_requirements_audit/coding_requirements_audit.json	/mnt/infini-data/test/BeyondMimic/res/code/coding_requirements_audit/coding_requirements_audit.json	True	12646	fcfe0843f1490ca79648bdf873adeb862d1f096cb1c9e6951c80c88cbe0b1326
patch_inventory_audit	code_audit	res/code/patch_inventory_audit/patch_inventory_audit.json	/mnt/infini-data/test/BeyondMimic/res/code/patch_inventory_audit/patch_inventory_audit.json	True	4975	a6f3be6b6b6c7840bbab4dd85a1dbc6a960e493df6222044b81bf2b3db82d4e0
patch_snapshot_audit	code_audit	res/code/patch_snapshot_audit/patch_snapshot_audit.json	/mnt/infini-data/test/BeyondMimic/res/code/patch_snapshot_audit/patch_snapshot_audit.json	True	3877	a476096558edf1eb922ecad5bbf3f0ca2e0b6ee6456ff3612406950f8e7ed9d2
reimpl_package_audit	code_audit	res/code/reimpl_package_audit/reimpl_package_audit.json	/mnt/infini-data/test/BeyondMimic/res/code/reimpl_package_audit/reimpl_package_audit.json	True	6065	bd7fff5b05ade8cc583703dc2e6891568e256a9610ae8982fa8626ea4c00504a
reimpl_runtime_integration_audit	code_audit	res/code/reimpl_runtime_integration_audit/reimpl_runtime_integration_audit.json	/mnt/infini-data/test/BeyondMimic/res/code/reimpl_runtime_integration_audit/reimpl_runtime_integration_audit.json	True	5249	33da116c690dfa7e4cb38c5eb7d63f3de74c2ec92ba749dd3a4d489768cf23f0
gpu_metrics_csv	run_log	logs/gpu/gpu_metrics.csv	/mnt/infini-data/test/BeyondMimic/logs/gpu/gpu_metrics.csv	True	9057	b664d89e86693d17e8b373b33bf562c92eb19ba3c320974438e7028b5de4c9e3
run_log_config_catalog	run_log	res/run_log_config_catalog/run_log_config_catalog.json	/mnt/infini-data/test/BeyondMimic/res/run_log_config_catalog/run_log_config_catalog.json	True	45870	892328eb5279b7b959334faf2cb933ee391e33fb42a47e21b38d5d46346b6b06
run_management_audit	run_log	res/run_management_audit/run_management_audit.json	/mnt/infini-data/test/BeyondMimic/res/run_management_audit/run_management_audit.json	True	1975	dc2b93399f18414e58c97992839a81c995e7805eb105cbf578334652c07ea92a
checkpoint_resume_smoke	run_log	res/run_management_audit/checkpoint_resume_smoke/checkpoint_resume_smoke.json	/mnt/infini-data/test/BeyondMimic/res/run_management_audit/checkpoint_resume_smoke/checkpoint_resume_smoke.json	True	1905	3ec9bbac8819b5ab66e8dcb988c7ed4e36a540084a154b59acf52ae276800298
full_run_deliverable_gap_audit	run_log	res/run_management_audit/full_run_deliverable_gap_audit/full_run_deliverable_gap_audit.json	/mnt/infini-data/test/BeyondMimic/res/run_management_audit/full_run_deliverable_gap_audit/full_run_deliverable_gap_audit.json	True	5283	77f29899184a872cde71e1cb3bf8e8b7605a6ca466d4bc9db5a2766fc311d51f
failed_run_audit	run_log	res/failed_runs/failed_run_audit/failed_run_audit.json	/mnt/infini-data/test/BeyondMimic/res/failed_runs/failed_run_audit/failed_run_audit.json	True	1855	5de12b12b04736583babb331a70efa5ff7920003564567298b879eee105c8aa7
official_train_entry_failed_run_audit	run_log	res/failed_runs/official_train_entry_failed_run_audit/official_train_entry_failed_run_audit.json	/mnt/infini-data/test/BeyondMimic/res/failed_runs/official_train_entry_failed_run_audit/official_train_entry_failed_run_audit.json	True	2266	bd10cb5be025969cef641b8fe387c7af957290b3822636b96356364db75916d9
kit_inotify_budget_audit	environment	res/setup/kit_inotify_budget_audit/kit_inotify_budget_audit.json	/mnt/infini-data/test/BeyondMimic/res/setup/kit_inotify_budget_audit/kit_inotify_budget_audit.json	True	5070	160df49637db1daaa1b1884e4dc41fb615168d339a4bc4e2809f2ed7b770abca
inotify_live_usage_audit	environment	res/setup/inotify_live_usage_audit/inotify_live_usage_audit.json	/mnt/infini-data/test/BeyondMimic/res/setup/inotify_live_usage_audit/inotify_live_usage_audit.json	True	8029	242d60569dcf912a8982d630c630a668e050d0e1ef4da6a58c26df50b2959ef6
vscode_watcher_exclude_audit	environment	res/setup/vscode_watcher_exclude_audit/vscode_watcher_exclude_audit.json	/mnt/infini-data/test/BeyondMimic/res/setup/vscode_watcher_exclude_audit/vscode_watcher_exclude_audit.json	True	2895	67aa07d650271f08cb0403de934beaf03d079e71c6420df27140aa2f41b14954
kit_watcher_config_surface_audit	environment	res/setup/kit_watcher_config_surface_audit/kit_watcher_config_surface_audit.json	/mnt/infini-data/test/BeyondMimic/res/setup/kit_watcher_config_surface_audit/kit_watcher_config_surface_audit.json	True	10074	777a87a213a8f8edfad491f414e676a374fb4751008504ad0a5b2d1020bd9d1a
experiment_protocol_audit	documentation	res/docs/experiment_protocol_audit/experiment_protocol_audit.json	/mnt/infini-data/test/BeyondMimic/res/docs/experiment_protocol_audit/experiment_protocol_audit.json	True	1021	13dcd8caed16c688b7d316b6659e7e5b50f6e07ccba71431bb38c229ef6db9b4
readme_audit	documentation	res/docs/readme_audit/readme_audit.json	/mnt/infini-data/test/BeyondMimic/res/docs/readme_audit/readme_audit.json	True	1316	5d155ee5ae1dce82905431f75d89c678d7917fa0e37a60c4e11a7b2c188deaab
progress_report_audit	documentation	res/progress_report_audit/progress_report_audit.json	/mnt/infini-data/test/BeyondMimic/res/progress_report_audit/progress_report_audit.json	True	8472	67332de3c5a9200f646e863cf0704cfb5c231dd7fcd42e8e20984699aa925bfa
completion_matrix_status_audit	documentation	res/docs/completion_matrix_status_audit/completion_matrix_status_audit.json	/mnt/infini-data/test/BeyondMimic/res/docs/completion_matrix_status_audit/completion_matrix_status_audit.json	True	144820	c70a7aa47b00ffea70227036cbe9d044193760be1cda2fab6bf2fbfe4415b245
project_boundary_audit	documentation	res/project_boundary_audit/project_boundary_audit.json	/mnt/infini-data/test/BeyondMimic/res/project_boundary_audit/project_boundary_audit.json	True	4000	0c49c61dca92d8e2ef1c067ac1b2fe2924ac68c85c56e2d72a708299402c05ab
goal_directive_index	documentation	res/goal_directive_index/goal_directive_index_audit.json	/mnt/infini-data/test/BeyondMimic/res/goal_directive_index/goal_directive_index_audit.json	True	4159	77dc0d7d9025d11d0f914ba9053a4f503c031d18e9b7fed7e6b1cf7c727a2072
paper_source_coverage	paper_audit	res/paper_source_coverage/paper_source_coverage_audit.json	/mnt/infini-data/test/BeyondMimic/res/paper_source_coverage/paper_source_coverage_audit.json	True	22695	1de7cbe81a99fcdfb88501ce8454776051be821ac87a5e0ff1555f7ee31a6e95
paper_latex_inventory	paper_audit	res/paper_latex_inventory/paper_latex_inventory_audit.json	/mnt/infini-data/test/BeyondMimic/res/paper_latex_inventory/paper_latex_inventory_audit.json	True	51658	73d4acc5cc92114a5d3d659fdb96de248d72cffc673cc2d46179bb9b316cc562
paper_formula_code_trace	paper_audit	res/paper_formula_code_trace/paper_formula_code_trace_audit.json	/mnt/infini-data/test/BeyondMimic/res/paper_formula_code_trace/paper_formula_code_trace_audit.json	True	12812	a8d17720dd3c02c463e9d3b370ebc5cd5f918e8c84dc1243fcdc1b44acf30256
paper_pdf_source_consistency	paper_audit	res/paper_pdf_source_consistency/paper_pdf_source_consistency_audit.json	/mnt/infini-data/test/BeyondMimic/res/paper_pdf_source_consistency/paper_pdf_source_consistency_audit.json	True	14002	59b0d685da32e435abdd672f8eb23990ea5bb384e67e569a70406f121c6036c4
paper_table_values	paper_audit	res/paper_table_values/paper_table_value_audit.json	/mnt/infini-data/test/BeyondMimic/res/paper_table_values/paper_table_value_audit.json	True	29721	292ab7cb55a0f852c845b6f6c620179aea29f61b7a7b4270d6135bfef7d51965
evaluation_metrics_coverage	evaluation	res/evaluation_metrics_coverage/evaluation_metrics_coverage_audit.json	/mnt/infini-data/test/BeyondMimic/res/evaluation_metrics_coverage/evaluation_metrics_coverage_audit.json	True	28771	4fd5928db4f728e951abbc412afe83ff251608ac328539cfdf295c92c862614e
trial_failure_accounting_audit	evaluation	res/evaluation/trial_failure_accounting_audit/trial_failure_accounting_audit.json	/mnt/infini-data/test/BeyondMimic/res/evaluation/trial_failure_accounting_audit/trial_failure_accounting_audit.json	True	8326	27ad65c2b26fc39c640ed442eaa8ebd11c18e941a71d8562d4acac3795dbc1db
ablation_coverage	evaluation	res/ablation_coverage/ablation_coverage_audit.json	/mnt/infini-data/test/BeyondMimic/res/ablation_coverage/ablation_coverage_audit.json	True	11921	9ebcdd07bd383e72fd59290a5793bc8b9ce4946c4540c14722c75628c7514576
released_data_metrics_summary	evaluation	res/tables/released_data_metrics_summary/released_data_metrics_summary.json	/mnt/infini-data/test/BeyondMimic/res/tables/released_data_metrics_summary/released_data_metrics_summary.json	True	6525	4b0d54d93cc59d999f6750ffc94708f500d837b1ffc44a260445b4b5b5011cf3
released_data_statistical_audit	evaluation	res/tables/released_data_statistical_audit/released_data_statistical_audit.json	/mnt/infini-data/test/BeyondMimic/res/tables/released_data_statistical_audit/released_data_statistical_audit.json	True	7212	5b8ec01250295bdef3b8925554d65c07974d2c89ed02d553f3a53dc686edda43
level_a_released_data_suite	evaluation	res/level_a/released_data_suite/level_a_released_data_suite.json	/mnt/infini-data/test/BeyondMimic/res/level_a/released_data_suite/level_a_released_data_suite.json	True	6287	6a8f9c01dee74891bfe5d30a0f23b1328aef96073135801f54900e6a459f4a78
metrics_catalog	evaluation	res/metrics/metrics_catalog/metrics_catalog.json	/mnt/infini-data/test/BeyondMimic/res/metrics/metrics_catalog/metrics_catalog.json	True	32190	e0f1aec070b1ede7f84fae4af87f1085a4a87eda769742fa5946fd84c72891fd
guidance_task_coverage	evaluation	res/guidance_task_coverage/guidance_task_coverage_audit.json	/mnt/infini-data/test/BeyondMimic/res/guidance_task_coverage/guidance_task_coverage_audit.json	True	26684	8dd280f87ab09ca046acc2f416d5298e0363cd0332a7aa0d0252c791e344158b
tracking_config_audit	tracking	res/tracking/smoke_config_audit/tracking_config_audit.json	/mnt/infini-data/test/BeyondMimic/res/tracking/smoke_config_audit/tracking_config_audit.json	True	4664	bafcbd09306044fd17d90d72dddf5b439800dcfe8fe0f5c71a7cdb076a1aa249
tracking_official_source_contract	tracking	res/tracking/official_source_contract_audit/tracking_official_source_contract_audit.json	/mnt/infini-data/test/BeyondMimic/res/tracking/official_source_contract_audit/tracking_official_source_contract_audit.json	True	11870	7785fa9025ab29afc26bdcd421553945d3ed66e32148e35522b943cd5d327d6c
tracking_g1_action_scale_audit	tracking	res/tracking/g1_action_scale_audit/tracking_g1_action_scale_audit.json	/mnt/infini-data/test/BeyondMimic/res/tracking/g1_action_scale_audit/tracking_g1_action_scale_audit.json	True	20999	e248b9ea276e25a1484e1cd394a478c941d8a24d6afc0f8f49f917d70dbc510c
tracking_reward_formula_audit	tracking	res/tracking/reward_formula_audit/tracking_reward_formula_audit.json	/mnt/infini-data/test/BeyondMimic/res/tracking/reward_formula_audit/tracking_reward_formula_audit.json	True	15212	0d0ac41d01436c4c5ad589c4ee257443f39f427362913cfaf25c5ec7cbe94c5e
tracking_observation_action_schema_audit	tracking	res/tracking/observation_action_schema_audit/tracking_observation_action_schema_audit.json	/mnt/infini-data/test/BeyondMimic/res/tracking/observation_action_schema_audit/tracking_observation_action_schema_audit.json	True	9545	ef1d7bbcffcb53ad585cb966347b1d2e67d0830f886c18549b225d3a91cba744
tracking_randomization_termination_audit	tracking	res/tracking/randomization_termination_audit/tracking_randomization_termination_audit.json	/mnt/infini-data/test/BeyondMimic/res/tracking/randomization_termination_audit/tracking_randomization_termination_audit.json	True	7668	706d0cda22b6da718854259f9052410678d6ebf1f465a9c6cda910edae1ebfb4
level_b_tracking_nonkit_suite	tracking	res/tracking/nonkit_suite/level_b_tracking_nonkit_suite.json	/mnt/infini-data/test/BeyondMimic/res/tracking/nonkit_suite/level_b_tracking_nonkit_suite.json	True	8634	ae97f22e4743a803991d93073e2f730179ab8fb841d4cbeb687df1e4f4e6e629
tracking_smoke_rerun_audit	tracking	res/tracking/tracking_smoke_rerun_audit/tracking_smoke_rerun_audit.json	/mnt/infini-data/test/BeyondMimic/res/tracking/tracking_smoke_rerun_audit/tracking_smoke_rerun_audit.json	True	2444	aac05711d3324687fc6f61358781c91f13301ed5dc7ba0a80fdd249f251cd885
tracking_official_train_entry_retry_audit	tracking	res/tracking/official_train_entry_retry_audit/tracking_official_train_entry_retry_audit.json	/mnt/infini-data/test/BeyondMimic/res/tracking/official_train_entry_retry_audit/tracking_official_train_entry_retry_audit.json	True	6757	482e543ae0d71a4c20cad3802e07c370a04ebfeafc9773c6e96a81d9289fe33e
tracking_import_gate_audit	tracking	res/tracking/tracking_import_gate_audit/tracking_import_gate_audit.json	/mnt/infini-data/test/BeyondMimic/res/tracking/tracking_import_gate_audit/tracking_import_gate_audit.json	True	15782	c54eeeeaee506a2509391420284018f9ac9cc2a9ca0b8e6dc7e3086c228b3046
tracking_extension_namespace_probe	tracking	res/tracking/tracking_extension_namespace_probe/tracking_extension_namespace_probe.json	/mnt/infini-data/test/BeyondMimic/res/tracking/tracking_extension_namespace_probe/tracking_extension_namespace_probe.json	True	6241	dd43e8a04af39746d2ddd6dcbee81d659a8107c63cbb73f3bb628cd9bca812d7
motion_preprocessing_contract	tracking	res/tracking/motion_preprocessing_contract_audit/motion_preprocessing_contract_audit.json	/mnt/infini-data/test/BeyondMimic/res/tracking/motion_preprocessing_contract_audit/motion_preprocessing_contract_audit.json	True	29471	e6456103c29dfc51265d6ae78aba294e1d7fabe99b6782f500b0ca01966da010
tracking_local_smoke_runner	tracking	reproduction/scripts/run_tracking_local_smoke.sh	/mnt/infini-data/test/BeyondMimic/reproduction/scripts/run_tracking_local_smoke.sh	True	2069	5cc488e43b05987907a398f3478471f5f0dfd4ea7cb840251c33c7e20d1de012
tracking_local_smoke_patcher	tracking	reproduction/scripts/prepare_tracking_local_smoke.py	/mnt/infini-data/test/BeyondMimic/reproduction/scripts/prepare_tracking_local_smoke.py	True	7436	499d294c7b3d8da2b5f74ce628c58e90b8496ceb08882dbc024e9a2bd04c18c9
tracking_local_smoke_generated_manifest	tracking	reproduction/generated/whole_body_tracking_local/manifest.tsv	/mnt/infini-data/test/BeyondMimic/reproduction/generated/whole_body_tracking_local/manifest.tsv	True	988	57ce2b87c7cfc084f2fc101b0b581c13d3a3ab36d36d320ff12888b49bceaec3
tracking_local_csv_to_npz_script	tracking	reproduction/generated/whole_body_tracking_local/csv_to_npz_local.py	/mnt/infini-data/test/BeyondMimic/reproduction/generated/whole_body_tracking_local/csv_to_npz_local.py	True	14508	22557647a8cce45c2f2bc52547251026913e528ee7b6e8fcf9426595500b67c2
tracking_local_replay_npz_script	tracking	reproduction/generated/whole_body_tracking_local/replay_npz_local.py	/mnt/infini-data/test/BeyondMimic/reproduction/generated/whole_body_tracking_local/replay_npz_local.py	True	4090	e18aae4832f2335424e1659aef25da0ba855ffc6648c9e070894be2764deb293
tracking_local_replay_npz_enriched_usd_preflight_script	tracking	reproduction/generated/whole_body_tracking_local/replay_npz_enriched_usd_preflight.py	/mnt/infini-data/test/BeyondMimic/reproduction/generated/whole_body_tracking_local/replay_npz_enriched_usd_preflight.py	True	5368	958eb2c69eaef0c95fb2231b9519f4407254dfa3c614d752ee19e2d5ed0933c8
tracking_local_train_script	tracking	reproduction/generated/whole_body_tracking_local/rsl_rl/train_local.py	/mnt/infini-data/test/BeyondMimic/reproduction/generated/whole_body_tracking_local/rsl_rl/train_local.py	True	6942	03b4258e3a5758b58bc75ba72a748ddabbe56d4c995ba8c93eb92e9ff6ea142f
tracking_local_smoke_preflight	tracking	res/tracking/local_smoke_preflight/tracking_local_smoke_preflight.json	/mnt/infini-data/test/BeyondMimic/res/tracking/local_smoke_preflight/tracking_local_smoke_preflight.json	True	8215	6df40889336784285513bcd16b86d78547ffcc94b551140e025dd889724d0cdb
tracking_motion_npz_fixture	tracking	res/tracking/motion_npz_fixture/tracking_motion_npz_fixture.json	/mnt/infini-data/test/BeyondMimic/res/tracking/motion_npz_fixture/tracking_motion_npz_fixture.json	True	11043	a5298cf3e4acd9cc2e9981ea43acab750fc2b4740c6932920dbd4c17155a5d92
tracking_official_replay_preflight	tracking	res/tracking/official_replay_preflight/tracking_official_replay_preflight.json	/mnt/infini-data/test/BeyondMimic/res/tracking/official_replay_preflight/tracking_official_replay_preflight.json	True	5064	c43386708a047c47ef4e54ee39e235fcde4317c14d1493f72c09741abfb9fde8
tracking_official_replay_conversion_audit	tracking	res/tracking/official_replay_conversion/tracking_official_replay_conversion_audit.json	/mnt/infini-data/test/BeyondMimic/res/tracking/official_replay_conversion/tracking_official_replay_conversion_audit.json	True	41976	7fd9020ebce7ebe249eacde4290aff82e468b63e064ec69d5766b1950ecb2d77
tracking_g1_enriched_usd_replay_preflight_audit	tracking	res/tracking/g1_enriched_usd_replay_preflight/tracking_g1_enriched_usd_replay_preflight_audit.json	/mnt/infini-data/test/BeyondMimic/res/tracking/g1_enriched_usd_replay_preflight/tracking_g1_enriched_usd_replay_preflight_audit.json	True	4104	c9c06ba6d4d414d2f88745bdd128253a8694ac6b6bb41bf952eaa0db9d4407cd
tracking_urdf_conversion_probe	tracking	res/tracking/urdf_conversion_probe/tracking_urdf_conversion_probe.json	/mnt/infini-data/test/BeyondMimic/res/tracking/urdf_conversion_probe/tracking_urdf_conversion_probe.json	True	2102	535637856c3eb0e7745234dfddec2dbe42538144ed1caf3bd3387dbfb05cf073
tracking_urdf_path_tiny_probe	tracking	res/tracking/urdf_path_tiny_probe/tracking_urdf_path_tiny_probe.json	/mnt/infini-data/test/BeyondMimic/res/tracking/urdf_path_tiny_probe/tracking_urdf_path_tiny_probe.json	True	5822	1548885b93922f196be9db97b6299333850a436bae3e8dc54148463f174646ad
tracking_mjcf_stage_probe	tracking	res/tracking/mjcf_stage_probe/tracking_mjcf_stage_probe.json	/mnt/infini-data/test/BeyondMimic/res/tracking/mjcf_stage_probe/tracking_mjcf_stage_probe.json	True	7942	3c1486982bb05fa1ac0939fb39ad8aca507aa1c96e5231c7d199b50a480a0d16
tracking_usd_save_policy_probe	tracking	res/tracking/usd_save_policy_probe/tracking_usd_save_policy_probe.json	/mnt/infini-data/test/BeyondMimic/res/tracking/usd_save_policy_probe/tracking_usd_save_policy_probe.json	True	19176	942cd9bcdf21d8ee66922002790a8895f0d5b475a9568a1c0fb844999eb3e92a
tracking_simulationapp_save_policy_probe	tracking	res/tracking/simulationapp_save_policy_probe/tracking_simulationapp_save_policy_probe.json	/mnt/infini-data/test/BeyondMimic/res/tracking/simulationapp_save_policy_probe/tracking_simulationapp_save_policy_probe.json	True	11036	ee4262eb821f2ae18e47a7a53073bb3793bc17986d526eaeed10fc3862bde516
tracking_usd_api_variant_probe	tracking	res/tracking/usd_api_variant_probe/tracking_usd_api_variant_probe.json	/mnt/infini-data/test/BeyondMimic/res/tracking/usd_api_variant_probe/tracking_usd_api_variant_probe.json	True	4853	46f933f5a82d1c0c2e35f092d27c9e3cb676ff054e05ce7879d9df5520d993c5
tracking_g1_urdf_stage_export_workaround_probe	tracking	res/tracking/g1_urdf_stage_export_workaround/tracking_g1_urdf_stage_export_workaround_probe.json	/mnt/infini-data/test/BeyondMimic/res/tracking/g1_urdf_stage_export_workaround/tracking_g1_urdf_stage_export_workaround_probe.json	True	4344	5b2b218fd050ffc4eff297f22ac07066b7681b86399adf07afabd31b46857bba
tracking_g1_urdf_layer_save_workaround_probe	tracking	res/tracking/g1_urdf_layer_save_workaround/tracking_g1_urdf_layer_save_workaround_probe.json	/mnt/infini-data/test/BeyondMimic/res/tracking/g1_urdf_layer_save_workaround/tracking_g1_urdf_layer_save_workaround_probe.json	True	7984	e82f7b6a21109e8107a1c081b7426c2b3f28854bb73e644375cb355890375b8a
tracking_g1_urdf_in_memory_import_probe	tracking	res/tracking/g1_urdf_in_memory_import/tracking_g1_urdf_in_memory_import_probe.json	/mnt/infini-data/test/BeyondMimic/res/tracking/g1_urdf_in_memory_import/tracking_g1_urdf_in_memory_import_probe.json	True	1981	b644c65cf49f41ec1eb5aa66a3b087996a99295770489a7e6b299961e208a614
tracking_g1_urdf_simulationapp_in_memory_import_probe	tracking	res/tracking/g1_urdf_simulationapp_in_memory_import/tracking_g1_urdf_simulationapp_in_memory_import_probe.json	/mnt/infini-data/test/BeyondMimic/res/tracking/g1_urdf_simulationapp_in_memory_import/tracking_g1_urdf_simulationapp_in_memory_import_probe.json	True	2437	d095eddebd4e43cc16985c115c4ede6d6220d477719fd6b55f463cdbeed10d46
tracking_g1_urdf_in_memory_variant_matrix_probe	tracking	res/tracking/g1_urdf_in_memory_variant_matrix/tracking_g1_urdf_in_memory_variant_matrix_probe.json	/mnt/infini-data/test/BeyondMimic/res/tracking/g1_urdf_in_memory_variant_matrix/tracking_g1_urdf_in_memory_variant_matrix_probe.json	True	6864	57d1b4b238dfd116d8a9f4a2e452ed2567244a71329749d3b7804a15d84d8c1d
tracking_g1_preconverted_asset_audit	tracking	res/tracking/g1_preconverted_asset_audit/tracking_g1_preconverted_asset_audit.json	/mnt/infini-data/test/BeyondMimic/res/tracking/g1_preconverted_asset_audit/tracking_g1_preconverted_asset_audit.json	True	304121	00776eb0e1a8e6612282183c292f7f8aec7ca791b3ec77b68d1f81bfa9a37f49
tracking_g1_reference_usd_compatibility_audit	tracking	res/tracking/g1_reference_usd_compatibility_audit/tracking_g1_reference_usd_compatibility_audit.json	/mnt/infini-data/test/BeyondMimic/res/tracking/g1_reference_usd_compatibility_audit/tracking_g1_reference_usd_compatibility_audit.json	True	40531	593280bd89a3015fae728a6a1ae6a7a333ad15d56f094803a827b5b566ea5dd4
tracking_g1_official_urdf_skeleton_usd_audit	tracking	res/tracking/g1_official_urdf_skeleton_usd/tracking_g1_official_urdf_skeleton_usd_audit.json	/mnt/infini-data/test/BeyondMimic/res/tracking/g1_official_urdf_skeleton_usd/tracking_g1_official_urdf_skeleton_usd_audit.json	True	11680	cdd36260e5627ec122d8df07cad1933ea5bb4256da236d88bccef4236f5a0443
tracking_g1_official_urdf_29dof_skeleton_usda	tracking	res/tracking/g1_official_urdf_skeleton_usd/g1_official_urdf_29dof_skeleton.usda	/mnt/infini-data/test/BeyondMimic/res/tracking/g1_official_urdf_skeleton_usd/g1_official_urdf_29dof_skeleton.usda	True	18441	2ce37a011d8cf4b8e87e002588b9ed5a7721d4ea9a711504ef677c34e7f2f0f7
tracking_g1_urdf_physical_asset_contract_audit	tracking	res/tracking/g1_urdf_physical_asset_contract_audit/tracking_g1_urdf_physical_asset_contract_audit.json	/mnt/infini-data/test/BeyondMimic/res/tracking/g1_urdf_physical_asset_contract_audit/tracking_g1_urdf_physical_asset_contract_audit.json	True	72209	5ddf365478002f2c83cffa919b67ed57182865b95a61f3566a88bd360fa01d49
tracking_g1_urdf_physical_asset_contract_tsv	tracking	res/tracking/g1_urdf_physical_asset_contract_audit/tracking_g1_urdf_physical_asset_contract_audit.tsv	/mnt/infini-data/test/BeyondMimic/res/tracking/g1_urdf_physical_asset_contract_audit/tracking_g1_urdf_physical_asset_contract_audit.tsv	True	8928	62a9496961325d5519360594f65f7b45dabd95c5bbf70be8cc9b76fd7de62cc0
tracking_g1_resource_adjusted_enriched_usd_probe	tracking	res/tracking/g1_resource_adjusted_enriched_usd/tracking_g1_resource_adjusted_enriched_usd_probe.json	/mnt/infini-data/test/BeyondMimic/res/tracking/g1_resource_adjusted_enriched_usd/tracking_g1_resource_adjusted_enriched_usd_probe.json	True	5799	2bbd4d38911cefe8f0d4b9f3087cd04fc34aa185d70f655b1238055bb7a7ef20
tracking_g1_resource_adjusted_enrichment_contract	tracking	res/tracking/g1_resource_adjusted_enriched_usd/g1_resource_adjusted_enrichment_contract.json	/mnt/infini-data/test/BeyondMimic/res/tracking/g1_resource_adjusted_enriched_usd/g1_resource_adjusted_enrichment_contract.json	True	88316	e70f20f096ac5d2a155407a618cc1d388ee8a2244ee2dbd914cefc2330932cba
tracking_g1_resource_adjusted_enriched_usda	tracking	res/tracking/g1_resource_adjusted_enriched_usd/g1_resource_adjusted_29dof_enriched_scaffold.usda	/mnt/infini-data/test/BeyondMimic/res/tracking/g1_resource_adjusted_enriched_usd/g1_resource_adjusted_29dof_enriched_scaffold.usda	True	109224	93752f747c871f3363ed4c9c7304bf2639282694ccd85065b7e226578a202168
mujoco_ros_launch_contract	tracking	res/tracking/mujoco_ros_launch_contract_audit/mujoco_ros_launch_contract_audit.json	/mnt/infini-data/test/BeyondMimic/res/tracking/mujoco_ros_launch_contract_audit/mujoco_ros_launch_contract_audit.json	True	9212	c895f2c38d2d7d79fed9d0e2f943ff730b2121379d36b516093704f33cf4f969
tracking_deployment_controller_semantics	tracking	res/tracking/deployment_controller_semantics_audit/tracking_deployment_controller_semantics_audit.json	/mnt/infini-data/test/BeyondMimic/res/tracking/deployment_controller_semantics_audit/tracking_deployment_controller_semantics_audit.json	True	12558	33f28256240fa12ac31930bd66e058047b8a59f12d5aa090af594a3847954f55
tracking_motion_policy_onnx_contract_fixture	tracking	res/tracking/motion_policy_onnx_contract_fixture/tracking_motion_policy_onnx_contract_fixture.json	/mnt/infini-data/test/BeyondMimic/res/tracking/motion_policy_onnx_contract_fixture/tracking_motion_policy_onnx_contract_fixture.json	True	10501	f10a0d3b3518e543800aa3dbec8e796be906ac5ea47a98a45df2af3fb372287b
tracking_debug_motion_policy_onnx_export	tracking	res/tracking/debug_motion_policy_onnx_export/tracking_debug_motion_policy_onnx_export.json	/mnt/infini-data/test/BeyondMimic/res/tracking/debug_motion_policy_onnx_export/tracking_debug_motion_policy_onnx_export.json	True	4308	2684719a294fc1bc4058b8696d0bcd12a54d466856668bc41a9263f878f3d7f9
tracking_debug_motion_policy_onnx_file	tracking	res/tracking/debug_motion_policy_onnx_export/debug_motion_policy_contract.onnx	/mnt/infini-data/test/BeyondMimic/res/tracking/debug_motion_policy_onnx_export/debug_motion_policy_contract.onnx	True	23238	d7ea68b5dab0d2d667b2ab5f3e4bc2b518ff776ce8f5441764ce4e70c80f45fe
tracking_debug_motion_policy_onnx_inference	tracking	res/tracking/debug_motion_policy_onnx_inference/tracking_debug_motion_policy_onnx_inference_audit.json	/mnt/infini-data/test/BeyondMimic/res/tracking/debug_motion_policy_onnx_inference/tracking_debug_motion_policy_onnx_inference_audit.json	True	3668	e605539584f604e524e43b0a70ca04fb696779e6ab1440b22469a741f4e856b4
level_c_debug_suite	level_c	res/level_c/debug_suite/level_c_debug_suite.json	/mnt/infini-data/test/BeyondMimic/res/level_c/debug_suite/level_c_debug_suite.json	True	10602	a05e9c943f159bfb60fc108cbdf87db7def7f85cf94fe7647d8460b9a14ea24d
level_c_dataset_protocol	level_c	res/level_c/dataset_collection_protocol_audit/level_c_dataset_collection_protocol_audit.json	/mnt/infini-data/test/BeyondMimic/res/level_c/dataset_collection_protocol_audit/level_c_dataset_collection_protocol_audit.json	True	11075	eff195534c74ea6699c9a304ffa98e9e2b1511c1dffd2a8c170db36b3115c30d
level_c_state_latent_schema	level_c	res/level_c/state_latent_schema_audit/state_latent_schema_audit.json	/mnt/infini-data/test/BeyondMimic/res/level_c/state_latent_schema_audit/state_latent_schema_audit.json	True	55801	a09f4a62fdc54c7d22004f75bf77d297de9ad7eaa99727f80c98196e8590dae7
level_c_dagger_schema	level_c	res/level_c/dagger_schema_audit/dagger_schema_audit.json	/mnt/infini-data/test/BeyondMimic/res/level_c/dagger_schema_audit/dagger_schema_audit.json	True	22498	c98df47117c43f075fb81490288786c4b443c0d8b2c38dcb04f413d8d4bfe50a
level_c_dagger_iteration_smoke	level_c	res/level_c/dagger_iteration_smoke/level_c_dagger_iteration_smoke.json	/mnt/infini-data/test/BeyondMimic/res/level_c/dagger_iteration_smoke/level_c_dagger_iteration_smoke.json	True	3829	8cd745de7937d36fb9860f4cdf253602f298ed8ca0a81ce2f164fecd6ed7c061
level_c_state_latent_dataset_consistency	level_c	res/level_c/state_latent_dataset_consistency_audit/level_c_state_latent_dataset_consistency_audit.json	/mnt/infini-data/test/BeyondMimic/res/level_c/state_latent_dataset_consistency_audit/level_c_state_latent_dataset_consistency_audit.json	True	45894	819ba5f7d3eb186fe02fde59f640977afe82c284d9c4758582098d650a4e687b
level_c_state_latent_training_dataset_contract_audit	level_c	res/level_c/state_latent_training_dataset_contract_audit/level_c_state_latent_training_dataset_contract_audit.json	/mnt/infini-data/test/BeyondMimic/res/level_c/state_latent_training_dataset_contract_audit/level_c_state_latent_training_dataset_contract_audit.json	True	18081	73772b3f61fee0767033fb266b9bd243fcf94844bdd4b5a68fbebfaac8202975
level_c_extended_debug_suite	level_c	res/level_c/extended_debug_suite/level_c_extended_debug_suite.json	/mnt/infini-data/test/BeyondMimic/res/level_c/extended_debug_suite/level_c_extended_debug_suite.json	True	7411	64b716b80b18e667833252dc6f3b9b0dd460fdade83c846ffbd286700f2ea5ba
level_c_resource_adjusted_tiny_diffusion_suite	level_c	res/level_c/resource_adjusted_tiny_diffusion_suite/level_c_resource_adjusted_tiny_diffusion_suite.json	/mnt/infini-data/test/BeyondMimic/res/level_c/resource_adjusted_tiny_diffusion_suite/level_c_resource_adjusted_tiny_diffusion_suite.json	True	6058	bb3bbbba492c271c9cf996326d0b31dafb9c8375dd850ce9764befd6a4ea904b
level_c_dagger_vae_pipeline_audit	level_c	res/level_c/dagger_vae_pipeline_audit/level_c_dagger_vae_pipeline_audit.json	/mnt/infini-data/test/BeyondMimic/res/level_c/dagger_vae_pipeline_audit/level_c_dagger_vae_pipeline_audit.json	True	12556	faec59045decd3173e110feb2ad0aa8a0cd7f63f72d84422a1e24156c898d41a
level_c_vae_checkpoint_smoke	level_c	res/level_c/vae_checkpoint_smoke/level_c_vae_checkpoint_smoke.json	/mnt/infini-data/test/BeyondMimic/res/level_c/vae_checkpoint_smoke/level_c_vae_checkpoint_smoke.json	True	2476	2774e9d37c0cd669e52fbb7438bf15971a2ed1ae2f5c739c888d54535ba15f92
level_c_vae_debug_overfit_latent_artifact	level_c	res/level_c/vae_debug_overfit_latent_artifact/level_c_vae_debug_overfit_latent_artifact.json	/mnt/infini-data/test/BeyondMimic/res/level_c/vae_debug_overfit_latent_artifact/level_c_vae_debug_overfit_latent_artifact.json	True	52062	86ce7757b94b82a3a8d7cf2c46d93500f28f4da7b53db1dde77af2e55b943d08
level_c_vae_motion_split_heldout_eval	level_c	res/level_c/vae_motion_split_heldout_eval/level_c_vae_motion_split_heldout_eval.json	/mnt/infini-data/test/BeyondMimic/res/level_c/vae_motion_split_heldout_eval/level_c_vae_motion_split_heldout_eval.json	True	6345	2f51e85e05a92bad0864f45d909f2b5ffad78fd6b32667e397293f40e0e015aa
level_c_vae_receding_horizon_rollout_smoke	level_c	res/level_c/vae_receding_horizon_rollout_smoke/level_c_vae_receding_horizon_rollout_smoke.json	/mnt/infini-data/test/BeyondMimic/res/level_c/vae_receding_horizon_rollout_smoke/level_c_vae_receding_horizon_rollout_smoke.json	True	60473	57458e6f5bbae54424ad0bd7813e67b676379c5ba14de2d191e0ad300081d564
level_c_diffusion_to_vae_action_smoke	level_c	res/level_c/diffusion_to_vae_action_smoke/level_c_diffusion_to_vae_action_smoke.json	/mnt/infini-data/test/BeyondMimic/res/level_c/diffusion_to_vae_action_smoke/level_c_diffusion_to_vae_action_smoke.json	True	5605	4d8ca6e1c0071770d48054426510a4e435cdc356aeba75e5c30a1a6d58cffd02
level_c_diffusion_to_vae_action_multiseed_audit	level_c	res/level_c/diffusion_to_vae_action_multiseed_audit/level_c_diffusion_to_vae_action_multiseed_audit.json	/mnt/infini-data/test/BeyondMimic/res/level_c/diffusion_to_vae_action_multiseed_audit/level_c_diffusion_to_vae_action_multiseed_audit.json	True	12319	22326b56bb08041eebb3a05e9c1567552bbdfc2df0bf6af2a61e69237239d18d
level_c_diffusion_to_vae_action_smoothness_audit	level_c	res/level_c/diffusion_to_vae_action_smoothness_audit/level_c_diffusion_to_vae_action_smoothness_audit.json	/mnt/infini-data/test/BeyondMimic/res/level_c/diffusion_to_vae_action_smoothness_audit/level_c_diffusion_to_vae_action_smoothness_audit.json	True	12105	61231bcc83960e5c52bc343a0b39e69d35df5156e7bf351f8142646b57f35c56
level_c_direct_vs_latent_action_ablation_audit	level_c	res/level_c/direct_vs_latent_action_ablation_audit/level_c_direct_vs_latent_action_ablation_audit.json	/mnt/infini-data/test/BeyondMimic/res/level_c/direct_vs_latent_action_ablation_audit/level_c_direct_vs_latent_action_ablation_audit.json	True	7157	cfa793fe625527628aa1187b2c0eec16fecb469cebf5cb1b91f0790f81de8bd0
level_c_vae_latent_diffusion_overfit	level_c	res/level_c/vae_latent_diffusion_overfit_probe/level_c_vae_latent_diffusion_overfit_probe.json	/mnt/infini-data/test/BeyondMimic/res/level_c/vae_latent_diffusion_overfit_probe/level_c_vae_latent_diffusion_overfit_probe.json	True	4626	0b47e493bab9d3ca55783fea663cb2cd1fba4f53767549f08edfceb9763e59ff
level_c_vae_latent_heldout_eval	level_c	res/level_c/vae_latent_heldout_eval/level_c_vae_latent_heldout_eval.json	/mnt/infini-data/test/BeyondMimic/res/level_c/vae_latent_heldout_eval/level_c_vae_latent_heldout_eval.json	True	4503	1110c531f187e1837c07547eeb37dbbb39d41376a61cbd52acdb018834e6f84e
level_c_vae_latent_heldout_multiseed_audit	level_c	res/level_c/vae_latent_heldout_multiseed_audit/level_c_vae_latent_heldout_multiseed_audit.json	/mnt/infini-data/test/BeyondMimic/res/level_c/vae_latent_heldout_multiseed_audit/level_c_vae_latent_heldout_multiseed_audit.json	True	8546	ce69f5bc03dea55f83efdb3a0f39c4587e0dd46975fea73d49b23ce2ee3e1398
level_c_transformer_state_dict_manifest	level_c	res/level_c/transformer_state_dict_manifest/level_c_transformer_state_dict_manifest.json	/mnt/infini-data/test/BeyondMimic/res/level_c/transformer_state_dict_manifest/level_c_transformer_state_dict_manifest.json	True	20830	b627983d909ec14cdd4310ea13303cf1fe59025614106063b516291f2c92ba8e
level_c_vae_latent_transformer_arch_probe	level_c	res/level_c/vae_latent_transformer_arch_probe/level_c_vae_latent_transformer_arch_probe.json	/mnt/infini-data/test/BeyondMimic/res/level_c/vae_latent_transformer_arch_probe/level_c_vae_latent_transformer_arch_probe.json	True	4469	bef8017efc05ab1d0fdd12046fbfc182ffb7a3220fd62f218131ec0f4fe5d0de
level_c_vae_latent_transformer_ema_smoke	level_c	res/level_c/vae_latent_transformer_ema_smoke/level_c_vae_latent_transformer_ema_smoke.json	/mnt/infini-data/test/BeyondMimic/res/level_c/vae_latent_transformer_ema_smoke/level_c_vae_latent_transformer_ema_smoke.json	True	4462	0a5e4d6cd76ad4998b7f96aceee7bb025216d1ff72383dff1ef64a64f6b3c48a
level_c_transformer_ema_smoke	level_c	res/level_c/transformer_ema_smoke/level_c_transformer_ema_smoke.json	/mnt/infini-data/test/BeyondMimic/res/level_c/transformer_ema_smoke/level_c_transformer_ema_smoke.json	True	3085	5ac37f133e333362384b4376fe51a552267a5cfed07aa5272d6bff094e869d9a
level_c_diffusion_checkpoint_smoke	level_c	res/level_c/diffusion_checkpoint_smoke/level_c_diffusion_checkpoint_smoke.json	/mnt/infini-data/test/BeyondMimic/res/level_c/diffusion_checkpoint_smoke/level_c_diffusion_checkpoint_smoke.json	True	4656	72a71cfb2687900efa66432841612c380477077f7fc56199ab27dd4dc71f7f81
level_c_bounded_debug_diffusion_training_run	level_c	res/level_c/bounded_debug_diffusion_training_run/level_c_bounded_debug_diffusion_training_run.json	/mnt/infini-data/test/BeyondMimic/res/level_c/bounded_debug_diffusion_training_run/level_c_bounded_debug_diffusion_training_run.json	True	4429	f82ec6cafd6fa8e0613f4c92af9df4238cfc6f38af0a6ef00b985fc19698265b
level_c_bounded_debug_diffusion_checkpoint_eval	level_c	res/level_c/bounded_debug_diffusion_checkpoint_eval/level_c_bounded_debug_diffusion_checkpoint_eval.json	/mnt/infini-data/test/BeyondMimic/res/level_c/bounded_debug_diffusion_checkpoint_eval/level_c_bounded_debug_diffusion_checkpoint_eval.json	True	5203	20180543336bb57fe0ab82e9dc3889107a27cf5fef624929f144b1f465dd4cd0
level_c_bounded_debug_diffusion_action_eval	level_c	res/level_c/bounded_debug_diffusion_action_eval/level_c_bounded_debug_diffusion_action_eval.json	/mnt/infini-data/test/BeyondMimic/res/level_c/bounded_debug_diffusion_action_eval/level_c_bounded_debug_diffusion_action_eval.json	True	7594	ca5d72ec486014bef1766c6016aaadbd2b1a629800b7e76a76abcbcba6af1dac
level_c_resource_adjusted_tiny_diffusion_training_run	level_c	res/level_c/resource_adjusted_tiny_diffusion_training_run/level_c_resource_adjusted_tiny_diffusion_training_run.json	/mnt/infini-data/test/BeyondMimic/res/level_c/resource_adjusted_tiny_diffusion_training_run/level_c_resource_adjusted_tiny_diffusion_training_run.json	True	9615	dfa238a9fd8d8f6d564a6836c01bf5a4eaec6f54c4a4b73b3f2f8a3cc5bc9eea
level_c_resource_adjusted_tiny_diffusion_multiseed_audit	level_c	res/level_c/resource_adjusted_tiny_diffusion_multiseed_audit/level_c_resource_adjusted_tiny_diffusion_multiseed_audit.json	/mnt/infini-data/test/BeyondMimic/res/level_c/resource_adjusted_tiny_diffusion_multiseed_audit/level_c_resource_adjusted_tiny_diffusion_multiseed_audit.json	True	4504	252fc9278c42e448852e20a18af9facad9ee08b0299882f6e2bb3038e443fcf7
level_c_resource_adjusted_tiny_diffusion_checkpoint_eval	level_c	res/level_c/resource_adjusted_tiny_diffusion_checkpoint_eval/level_c_resource_adjusted_tiny_diffusion_checkpoint_eval.json	/mnt/infini-data/test/BeyondMimic/res/level_c/resource_adjusted_tiny_diffusion_checkpoint_eval/level_c_resource_adjusted_tiny_diffusion_checkpoint_eval.json	True	3858	f252223212b8feb819fa5c2cf7fde1c9c6d38c64a9254cb0b2b5d1b3898edb4c
level_c_resource_adjusted_tiny_diffusion_onnx_export_inference	level_c	res/level_c/resource_adjusted_tiny_diffusion_onnx_export_inference/level_c_resource_adjusted_tiny_diffusion_onnx_export_inference.json	/mnt/infini-data/test/BeyondMimic/res/level_c/resource_adjusted_tiny_diffusion_onnx_export_inference/level_c_resource_adjusted_tiny_diffusion_onnx_export_inference.json	True	3317	035c726b56fd38bd92ace5d3057e83f7db2aeb41c564b15180451902b95fbdc3
level_c_resource_adjusted_tiny_diffusion_onnx_file	level_c	res/level_c/resource_adjusted_tiny_diffusion_onnx_export_inference/resource_adjusted_tiny_denoiser_debug.onnx	/mnt/infini-data/test/BeyondMimic/res/level_c/resource_adjusted_tiny_diffusion_onnx_export_inference/resource_adjusted_tiny_denoiser_debug.onnx	True	576637	e628e7f44518637be5bdb0de59c5d69aadebce72e876b04499ace2c689eb1f40
level_c_resource_adjusted_tiny_diffusion_latency_audit	level_c	res/level_c/resource_adjusted_tiny_diffusion_latency_audit/level_c_resource_adjusted_tiny_diffusion_latency_audit.json	/mnt/infini-data/test/BeyondMimic/res/level_c/resource_adjusted_tiny_diffusion_latency_audit/level_c_resource_adjusted_tiny_diffusion_latency_audit.json	True	3376	1ad08d92d73fb1fffb3f6d4e7a85b06471787e9b4e2703c0d9eed8eae2ca01b3
level_c_resource_adjusted_tiny_diffusion_video_preview	level_c	res/level_c/resource_adjusted_tiny_diffusion_video_preview/level_c_resource_adjusted_tiny_diffusion_video_preview.json	/mnt/infini-data/test/BeyondMimic/res/level_c/resource_adjusted_tiny_diffusion_video_preview/level_c_resource_adjusted_tiny_diffusion_video_preview.json	True	3559	1eb78fdff4caaf30c362db7152ceb43b725402a6df68406c461862666dce6106
level_c_lafan1_paper_arch_vae_diffusion_training	level_c	res/level_c/lafan1_paper_arch_vae_diffusion_training/lafan1_paper_arch_vae_diffusion_training.json	/mnt/infini-data/test/BeyondMimic/res/level_c/lafan1_paper_arch_vae_diffusion_training/lafan1_paper_arch_vae_diffusion_training.json	True	80634	178ef08ffd4ee9e9dece5a58ff29e7b99f638dbef0b93c11cbd9644af4406187
level_c_lafan1_paper_arch_vae_diffusion_dataset	level_c	res/level_c/lafan1_paper_arch_vae_diffusion_training/lafan1_paper_arch_training_dataset.npz	/mnt/infini-data/test/BeyondMimic/res/level_c/lafan1_paper_arch_vae_diffusion_training/lafan1_paper_arch_training_dataset.npz	True	33478341	a9d8d83db2b97482d677119c8c3ca8d68d2e1c59918f17806689e1a0cd790d10
level_c_lafan1_paper_arch_vae_diffusion_checkpoint	level_c	res/runs/level_c_lafan1_paper_arch_vae_diffusion_static_000_20260617_203000/checkpoint/lafan1_paper_arch_vae_diffusion.pt	/mnt/infini-data/test/BeyondMimic/res/runs/level_c_lafan1_paper_arch_vae_diffusion_static_000_20260617_203000/checkpoint/lafan1_paper_arch_vae_diffusion.pt	True	302997114	e62aa14d72646ff27994fd2a18d747421d276660b662962634be045d28920aec
level_c_lafan1_paper_arch_vae_diffusion_run_metrics	level_c	res/runs/level_c_lafan1_paper_arch_vae_diffusion_static_000_20260617_203000/metrics.json	/mnt/infini-data/test/BeyondMimic/res/runs/level_c_lafan1_paper_arch_vae_diffusion_static_000_20260617_203000/metrics.json	True	943	2a4712bf5c9f78abede4f87274e7b572537db156ce8929d8a4434b44a3d073f1
level_c_lafan1_paper_arch_vae_diffusion_script	level_c	reproduction/scripts/train_lafan1_paper_level_vae_diffusion.py	/mnt/infini-data/test/BeyondMimic/reproduction/scripts/train_lafan1_paper_level_vae_diffusion.py	True	42478	1e32a178f383fca3ab1ce6108eb169e6e3f31cf4e208e6dcfd69137987902470
level_c_lafan1_paper_arch_vae_diffusion_seed_20260618	level_c	res/level_c/lafan1_paper_arch_vae_diffusion_training_seed_20260618/lafan1_paper_arch_vae_diffusion_training.json	/mnt/infini-data/test/BeyondMimic/res/level_c/lafan1_paper_arch_vae_diffusion_training_seed_20260618/lafan1_paper_arch_vae_diffusion_training.json	True	80811	e994e2275714afbf123d030f93d35d63a27a842ec3b78c348f97e59835bd10b2
level_c_lafan1_paper_arch_vae_diffusion_seed_20260618_checkpoint	level_c	res/runs/level_c_lafan1_paper_arch_vae_diffusion_seed_20260618_static_000_20260617_203000/checkpoint/lafan1_paper_arch_vae_diffusion.pt	/mnt/infini-data/test/BeyondMimic/res/runs/level_c_lafan1_paper_arch_vae_diffusion_seed_20260618_static_000_20260617_203000/checkpoint/lafan1_paper_arch_vae_diffusion.pt	True	302997178	d00a1ace9903c348bfd4ba5dc1f9e213aa44384a7a1daa2b058a9e975762d866
level_c_lafan1_paper_arch_vae_diffusion_seed_20260619	level_c	res/level_c/lafan1_paper_arch_vae_diffusion_training_seed_20260619/lafan1_paper_arch_vae_diffusion_training.json	/mnt/infini-data/test/BeyondMimic/res/level_c/lafan1_paper_arch_vae_diffusion_training_seed_20260619/lafan1_paper_arch_vae_diffusion_training.json	True	80805	a5adf53fe098d51488758beadf7d81714d21c4d15dd325b8e54f1b387fe83d67
level_c_lafan1_paper_arch_vae_diffusion_seed_20260619_checkpoint	level_c	res/runs/level_c_lafan1_paper_arch_vae_diffusion_seed_20260619_static_000_20260617_203000/checkpoint/lafan1_paper_arch_vae_diffusion.pt	/mnt/infini-data/test/BeyondMimic/res/runs/level_c_lafan1_paper_arch_vae_diffusion_seed_20260619_static_000_20260617_203000/checkpoint/lafan1_paper_arch_vae_diffusion.pt	True	302997178	b68f5ecc093d5fefc075e57f0e9a5cb810b9175fa34d06d08d35f09c8ee74389
level_c_lafan1_paper_arch_multiseed_audit	level_c	res/level_c/lafan1_paper_arch_multiseed_audit/level_c_lafan1_paper_arch_multiseed_audit.json	/mnt/infini-data/test/BeyondMimic/res/level_c/lafan1_paper_arch_multiseed_audit/level_c_lafan1_paper_arch_multiseed_audit.json	True	9585	ade85a38fab584d943d03c2dcc1b2332003cdb375a6c46776a6b44016bfbcef0
level_c_lafan1_paper_arch_multiseed_rows	level_c	res/level_c/lafan1_paper_arch_multiseed_audit/level_c_lafan1_paper_arch_multiseed_rows.tsv	/mnt/infini-data/test/BeyondMimic/res/level_c/lafan1_paper_arch_multiseed_audit/level_c_lafan1_paper_arch_multiseed_rows.tsv	True	2406	8da4dc382b2b8b7b9bbf170410e3d9c4750767d78abc1b2204955472e0d49253
level_c_lafan1_paper_arch_multiseed_npz	level_c	res/level_c/lafan1_paper_arch_multiseed_audit/level_c_lafan1_paper_arch_multiseed_metrics.npz	/mnt/infini-data/test/BeyondMimic/res/level_c/lafan1_paper_arch_multiseed_audit/level_c_lafan1_paper_arch_multiseed_metrics.npz	True	1170	6a5de68ec4937254a88eb3694765ae352f76c5682d2e920d16193d037ed375d1
level_c_lafan1_paper_arch_multiseed_script	level_c	reproduction/scripts/level_c_lafan1_paper_arch_multiseed_audit.py	/mnt/infini-data/test/BeyondMimic/reproduction/scripts/level_c_lafan1_paper_arch_multiseed_audit.py	True	9847	9eece394fb2d91f136efb031688d8e4e45c9a96b2d129c18ce46a121f9c51a1c
level_c_lafan1_paper_arch_symmetry_augmented_multiseed_audit	level_c	res/level_c/lafan1_paper_arch_symmetry_augmented_multiseed_audit/level_c_lafan1_paper_arch_symmetry_augmented_multiseed_audit.json	/mnt/infini-data/test/BeyondMimic/res/level_c/lafan1_paper_arch_symmetry_augmented_multiseed_audit/level_c_lafan1_paper_arch_symmetry_augmented_multiseed_audit.json	True	10455	6d789bd3566b3e4bf6f33b35d0576984ee5f88d62df4a88965de0634ef1be594
level_c_lafan1_paper_arch_symmetry_augmented_multiseed_rows	level_c	res/level_c/lafan1_paper_arch_symmetry_augmented_multiseed_audit/level_c_lafan1_paper_arch_symmetry_augmented_multiseed_rows.tsv	/mnt/infini-data/test/BeyondMimic/res/level_c/lafan1_paper_arch_symmetry_augmented_multiseed_audit/level_c_lafan1_paper_arch_symmetry_augmented_multiseed_rows.tsv	True	2649	020ec0e3410c223e093372b951edb78bd4f42782352a23f5adadbe50807ef156
level_c_lafan1_paper_arch_symmetry_augmented_multiseed_npz	level_c	res/level_c/lafan1_paper_arch_symmetry_augmented_multiseed_audit/level_c_lafan1_paper_arch_symmetry_augmented_multiseed_metrics.npz	/mnt/infini-data/test/BeyondMimic/res/level_c/lafan1_paper_arch_symmetry_augmented_multiseed_audit/level_c_lafan1_paper_arch_symmetry_augmented_multiseed_metrics.npz	True	1170	963b714a60bfcafcce6dcb910d494da71b5089aeac95087b864ae6bc67200736
level_c_lafan1_paper_arch_symmetry_augmented_multiseed_script	level_c	reproduction/scripts/level_c_lafan1_paper_arch_symmetry_multiseed_audit.py	/mnt/infini-data/test/BeyondMimic/reproduction/scripts/level_c_lafan1_paper_arch_symmetry_multiseed_audit.py	True	10726	d5715d82d0d4d8c1b297e16d0068747ff7d2f0e70e73f96521c1b19d34f33847
level_c_lafan1_paper_arch_high_memory_batch_audit	level_c	res/level_c/lafan1_paper_arch_high_memory_batch_audit/level_c_lafan1_paper_arch_high_memory_batch_audit.json	/mnt/infini-data/test/BeyondMimic/res/level_c/lafan1_paper_arch_high_memory_batch_audit/level_c_lafan1_paper_arch_high_memory_batch_audit.json	True	6292	fbaa66059890f6e52a58dad47fa5e8fd2840589a322a5e908eed2b0b5517dc5d
level_c_lafan1_paper_arch_high_memory_batch_rows	level_c	res/level_c/lafan1_paper_arch_high_memory_batch_audit/level_c_lafan1_paper_arch_high_memory_batch_rows.tsv	/mnt/infini-data/test/BeyondMimic/res/level_c/lafan1_paper_arch_high_memory_batch_audit/level_c_lafan1_paper_arch_high_memory_batch_rows.tsv	True	578	8544088268e8f6f76fca6531d7f738e232aaf911f77fbe299cd99d0b02f244c8
level_c_lafan1_paper_arch_high_memory_batch_fixture	level_c	res/level_c/lafan1_paper_arch_high_memory_batch_audit/level_c_lafan1_paper_arch_high_memory_batch_fixture.npz	/mnt/infini-data/test/BeyondMimic/res/level_c/lafan1_paper_arch_high_memory_batch_audit/level_c_lafan1_paper_arch_high_memory_batch_fixture.npz	True	1090	e9b74865ae05493f23af83ec5b8e7329032edbf495918db9142c461d9d75ba11
level_c_lafan1_paper_arch_high_memory_batch_script	level_c	reproduction/scripts/level_c_lafan1_paper_arch_high_memory_batch_audit.py	/mnt/infini-data/test/BeyondMimic/reproduction/scripts/level_c_lafan1_paper_arch_high_memory_batch_audit.py	True	15005	d883f539cbc1176c1010cdcec5b98f479a5fca47ade89b1fceb5c19274ff2a2c
level_c_lafan1_paper_arch_symmetry_dataset_audit	level_c	res/level_c/lafan1_paper_arch_symmetry_dataset/lafan1_paper_arch_symmetry_dataset_audit.json	/mnt/infini-data/test/BeyondMimic/res/level_c/lafan1_paper_arch_symmetry_dataset/lafan1_paper_arch_symmetry_dataset_audit.json	True	14764	1e32a844aa20d8e08748e52c891f516e49587dab296a156029ecbd07442d94b6
level_c_lafan1_paper_arch_symmetry_augmented_dataset	level_c	res/level_c/lafan1_paper_arch_symmetry_dataset/lafan1_paper_arch_symmetry_augmented_dataset.npz	/mnt/infini-data/test/BeyondMimic/res/level_c/lafan1_paper_arch_symmetry_dataset/lafan1_paper_arch_symmetry_augmented_dataset.npz	True	108603276	c3d45a41010f9908afd6b834625461c7a37b84b5c8a2541c51f7a8e90cbbed03
level_c_lafan1_paper_arch_symmetry_dataset_splits	level_c	res/level_c/lafan1_paper_arch_symmetry_dataset/level_c_lafan1_paper_arch_symmetry_dataset_splits.tsv	/mnt/infini-data/test/BeyondMimic/res/level_c/lafan1_paper_arch_symmetry_dataset/level_c_lafan1_paper_arch_symmetry_dataset_splits.tsv	True	244	0ee0b9a301ac35a54ab147d97848d35e2eb1a76853243be130bfad0182b8eaed
level_c_lafan1_paper_arch_symmetry_dataset_script	level_c	reproduction/scripts/level_c_lafan1_paper_arch_symmetry_dataset_audit.py	/mnt/infini-data/test/BeyondMimic/reproduction/scripts/level_c_lafan1_paper_arch_symmetry_dataset_audit.py	True	16267	a67877c2bd4224d076aa313cbb1f93d248627f947af96446a1826719a7971fab
level_c_lafan1_paper_arch_symmetry_augmented_training	level_c	res/level_c/lafan1_paper_arch_symmetry_augmented_training/lafan1_paper_arch_vae_diffusion_training.json	/mnt/infini-data/test/BeyondMimic/res/level_c/lafan1_paper_arch_symmetry_augmented_training/lafan1_paper_arch_vae_diffusion_training.json	True	68680	9e8d24990b22caffa39c9559bddf6845944a732165c6213d16976a07b519382a
level_c_lafan1_paper_arch_symmetry_augmented_training_dataset	level_c	res/level_c/lafan1_paper_arch_symmetry_augmented_training/lafan1_paper_arch_training_dataset.npz	/mnt/infini-data/test/BeyondMimic/res/level_c/lafan1_paper_arch_symmetry_augmented_training/lafan1_paper_arch_training_dataset.npz	True	66959994	3638233ca503d3e0046540b1a40cbff6c257a1067b7516d0e7b6d55f7c825d38
level_c_lafan1_paper_arch_symmetry_augmented_training_checkpoint	level_c	res/runs/level_c_lafan1_paper_arch_symmetry_augmented_static_000_20260617_215500/checkpoint/lafan1_paper_arch_vae_diffusion.pt	/mnt/infini-data/test/BeyondMimic/res/runs/level_c_lafan1_paper_arch_symmetry_augmented_static_000_20260617_215500/checkpoint/lafan1_paper_arch_vae_diffusion.pt	True	302997370	febf38c619f812d9cbd3e29f9b4a86cc75498c549e1572c1ac178f0ed3f1da11
level_c_lafan1_paper_arch_symmetry_augmented_training_metrics	level_c	res/runs/level_c_lafan1_paper_arch_symmetry_augmented_static_000_20260617_215500/metrics.json	/mnt/infini-data/test/BeyondMimic/res/runs/level_c_lafan1_paper_arch_symmetry_augmented_static_000_20260617_215500/metrics.json	True	1035	d22ad61fcb04d7cd216713587183e0b430d92dbaeee5045abbd8e19658ca860f
level_c_lafan1_paper_arch_symmetry_augmented_training_seed_20260622	level_c	res/level_c/lafan1_paper_arch_symmetry_augmented_training_seed_20260622/lafan1_paper_arch_vae_diffusion_training.json	/mnt/infini-data/test/BeyondMimic/res/level_c/lafan1_paper_arch_symmetry_augmented_training_seed_20260622/lafan1_paper_arch_vae_diffusion_training.json	True	68776	cbafd6bd8bce1d588c22a42c9a788b7e76b9650a927b67e98de42e567a1e58c8
level_c_lafan1_paper_arch_symmetry_augmented_training_seed_20260622_checkpoint	level_c	res/runs/level_c_lafan1_paper_arch_symmetry_augmented_seed_20260622_static_000_20260617_215500/checkpoint/lafan1_paper_arch_vae_diffusion.pt	/mnt/infini-data/test/BeyondMimic/res/runs/level_c_lafan1_paper_arch_symmetry_augmented_seed_20260622_static_000_20260617_215500/checkpoint/lafan1_paper_arch_vae_diffusion.pt	True	302997370	ed1b0e29de9cfec35dfffbb30a4c06ddb44921a56c501a090ee57fc5a8d90952
level_c_lafan1_paper_arch_symmetry_augmented_training_seed_20260622_metrics	level_c	res/runs/level_c_lafan1_paper_arch_symmetry_augmented_seed_20260622_static_000_20260617_215500/metrics.json	/mnt/infini-data/test/BeyondMimic/res/runs/level_c_lafan1_paper_arch_symmetry_augmented_seed_20260622_static_000_20260617_215500/metrics.json	True	1045	bc0f5328860ccbf8bcb6f0c434b459ed981a1cc95206db1ca85e265aaa804479
level_c_lafan1_paper_arch_symmetry_augmented_training_seed_20260623	level_c	res/level_c/lafan1_paper_arch_symmetry_augmented_training_seed_20260623/lafan1_paper_arch_vae_diffusion_training.json	/mnt/infini-data/test/BeyondMimic/res/level_c/lafan1_paper_arch_symmetry_augmented_training_seed_20260623/lafan1_paper_arch_vae_diffusion_training.json	True	68799	725ea77ae61e9dae081359b1944d02c716b845776cbee1193a68a12176030d26
level_c_lafan1_paper_arch_symmetry_augmented_training_seed_20260623_checkpoint	level_c	res/runs/level_c_lafan1_paper_arch_symmetry_augmented_seed_20260623_static_000_20260617_215500/checkpoint/lafan1_paper_arch_vae_diffusion.pt	/mnt/infini-data/test/BeyondMimic/res/runs/level_c_lafan1_paper_arch_symmetry_augmented_seed_20260623_static_000_20260617_215500/checkpoint/lafan1_paper_arch_vae_diffusion.pt	True	302997370	a8d0eb2b29d965d9f851eeb147e56a861b07d63f1f2288d4e9f7d4327336cded
level_c_lafan1_paper_arch_symmetry_augmented_training_seed_20260623_metrics	level_c	res/runs/level_c_lafan1_paper_arch_symmetry_augmented_seed_20260623_static_000_20260617_215500/metrics.json	/mnt/infini-data/test/BeyondMimic/res/runs/level_c_lafan1_paper_arch_symmetry_augmented_seed_20260623_static_000_20260617_215500/metrics.json	True	1046	bdbb95f8ce6a97dc7b26b00e7ecbf3a4cf9c0b31982d6b0feb7818db63ccc7c2
level_c_lafan1_paper_arch_symmetry_training_comparison	level_c	res/level_c/lafan1_paper_arch_symmetry_training_comparison/level_c_lafan1_paper_arch_symmetry_training_comparison_audit.json	/mnt/infini-data/test/BeyondMimic/res/level_c/lafan1_paper_arch_symmetry_training_comparison/level_c_lafan1_paper_arch_symmetry_training_comparison_audit.json	True	5929	c666694a35a356aab1d8133b5ddafac79c024d3bf388f8c8a6bdee3c16a1cbd2
level_c_lafan1_paper_arch_symmetry_training_comparison_rows	level_c	res/level_c/lafan1_paper_arch_symmetry_training_comparison/level_c_lafan1_paper_arch_symmetry_training_comparison.tsv	/mnt/infini-data/test/BeyondMimic/res/level_c/lafan1_paper_arch_symmetry_training_comparison/level_c_lafan1_paper_arch_symmetry_training_comparison.tsv	True	562	514e08506b576af76db40ec14f4f54505c2f1ba8e909f10759e0fa4eacab69e2
level_c_lafan1_paper_arch_symmetry_training_comparison_npz	level_c	res/level_c/lafan1_paper_arch_symmetry_training_comparison/level_c_lafan1_paper_arch_symmetry_training_comparison_metrics.npz	/mnt/infini-data/test/BeyondMimic/res/level_c/lafan1_paper_arch_symmetry_training_comparison/level_c_lafan1_paper_arch_symmetry_training_comparison_metrics.npz	True	1222	7267f209deaad3d0557bdc3a35d00bcf83639c408d40ced60a5e46911f6f84a8
level_c_lafan1_paper_arch_symmetry_training_comparison_script	level_c	reproduction/scripts/level_c_lafan1_symmetry_training_comparison_audit.py	/mnt/infini-data/test/BeyondMimic/reproduction/scripts/level_c_lafan1_symmetry_training_comparison_audit.py	True	9416	f7b227f312b0b574ea9c22c2d954404b2949abf52d4770070cb689f97cd30dec
level_c_lafan1_paper_arch_symmetry_augmented_offline_metrics_audit	level_c	res/level_c/lafan1_paper_arch_symmetry_augmented_offline_metrics/level_c_lafan1_paper_arch_offline_metrics_audit.json	/mnt/infini-data/test/BeyondMimic/res/level_c/lafan1_paper_arch_symmetry_augmented_offline_metrics/level_c_lafan1_paper_arch_offline_metrics_audit.json	True	8238	ba0fc793e5fe12b25772c2503e8c071440d89316097475b3f3279d12d16ab080
level_c_lafan1_paper_arch_symmetry_augmented_offline_metrics_rows	level_c	res/level_c/lafan1_paper_arch_symmetry_augmented_offline_metrics/level_c_lafan1_paper_arch_offline_metrics_rows.tsv	/mnt/infini-data/test/BeyondMimic/res/level_c/lafan1_paper_arch_symmetry_augmented_offline_metrics/level_c_lafan1_paper_arch_offline_metrics_rows.tsv	True	2378	2b6e6be4b09a3821363657ba61d73b5acbc464a738e3530300e91dde7c2dba69
level_c_lafan1_paper_arch_symmetry_augmented_offline_metrics_npz	level_c	res/level_c/lafan1_paper_arch_symmetry_augmented_offline_metrics/level_c_lafan1_paper_arch_offline_metrics.npz	/mnt/infini-data/test/BeyondMimic/res/level_c/lafan1_paper_arch_symmetry_augmented_offline_metrics/level_c_lafan1_paper_arch_offline_metrics.npz	True	174306556	0fa5ee63a320e54c77ff77696ee683e0d6b18f503c4a0381496a9c3fb78680d1
level_c_lafan1_paper_arch_symmetry_augmented_guidance_eval	level_c	res/level_c/lafan1_paper_arch_symmetry_augmented_guidance_eval/level_c_lafan1_paper_arch_guidance_eval.json	/mnt/infini-data/test/BeyondMimic/res/level_c/lafan1_paper_arch_symmetry_augmented_guidance_eval/level_c_lafan1_paper_arch_guidance_eval.json	True	118796	5fae0831ed8d379637734c3ac88eb7a871075e4ec9a21e2f30d60d453aa110a5
level_c_lafan1_paper_arch_symmetry_augmented_guidance_eval_rows	level_c	res/level_c/lafan1_paper_arch_symmetry_augmented_guidance_eval/level_c_lafan1_paper_arch_guidance_eval.tsv	/mnt/infini-data/test/BeyondMimic/res/level_c/lafan1_paper_arch_symmetry_augmented_guidance_eval/level_c_lafan1_paper_arch_guidance_eval.tsv	True	43881	6f3b1d424c463e789e4afaad92fc671c9baaa31c1b7496bdb4ea3a1e01323163
level_c_lafan1_paper_arch_symmetry_augmented_guidance_eval_npz	level_c	res/level_c/lafan1_paper_arch_symmetry_augmented_guidance_eval/level_c_lafan1_paper_arch_guidance_eval.npz	/mnt/infini-data/test/BeyondMimic/res/level_c/lafan1_paper_arch_symmetry_augmented_guidance_eval/level_c_lafan1_paper_arch_guidance_eval.npz	True	731806	272e1e0cba2e4d30d2e9284b4b200e514806b942ce48a5637b179b07920c083a
level_c_lafan1_paper_arch_symmetry_augmented_guidance_eval_full_split	level_c	res/level_c/lafan1_paper_arch_symmetry_augmented_guidance_eval_full_split/level_c_lafan1_paper_arch_guidance_eval.json	/mnt/infini-data/test/BeyondMimic/res/level_c/lafan1_paper_arch_symmetry_augmented_guidance_eval_full_split/level_c_lafan1_paper_arch_guidance_eval.json	True	31343949	fadab838d5e8d942fb40582a6bcc10ef763c0f21b253f67d81d759b4e2759446
level_c_lafan1_paper_arch_symmetry_augmented_guidance_eval_full_split_rows	level_c	res/level_c/lafan1_paper_arch_symmetry_augmented_guidance_eval_full_split/level_c_lafan1_paper_arch_guidance_eval.tsv	/mnt/infini-data/test/BeyondMimic/res/level_c/lafan1_paper_arch_symmetry_augmented_guidance_eval_full_split/level_c_lafan1_paper_arch_guidance_eval.tsv	True	11873254	23dce599f2cd4a6e8eccfc7cc0da2b26773494ea3dec1f01bac09e43d6e5cbc8
level_c_lafan1_paper_arch_symmetry_augmented_guidance_eval_full_split_npz	level_c	res/level_c/lafan1_paper_arch_symmetry_augmented_guidance_eval_full_split/level_c_lafan1_paper_arch_guidance_eval.npz	/mnt/infini-data/test/BeyondMimic/res/level_c/lafan1_paper_arch_symmetry_augmented_guidance_eval_full_split/level_c_lafan1_paper_arch_guidance_eval.npz	True	191400022	b9816fc9c3be57be28ab283a214fa8cb08bdf09de2b0982e22ee8733a2b401ca
level_c_lafan1_paper_arch_symmetry_augmented_reverse_guidance_full_split	level_c	res/level_c/lafan1_paper_arch_symmetry_augmented_reverse_guidance_full_split/level_c_lafan1_paper_arch_reverse_guidance_full_split_audit.json	/mnt/infini-data/test/BeyondMimic/res/level_c/lafan1_paper_arch_symmetry_augmented_reverse_guidance_full_split/level_c_lafan1_paper_arch_reverse_guidance_full_split_audit.json	True	21727346	de5006d0a9eb60581597b17f228c423bbae9f15523e627285a9bdd21f22c7ebf
level_c_lafan1_paper_arch_symmetry_augmented_reverse_guidance_full_split_rows	level_c	res/level_c/lafan1_paper_arch_symmetry_augmented_reverse_guidance_full_split/level_c_lafan1_paper_arch_reverse_guidance_full_split_rows.tsv	/mnt/infini-data/test/BeyondMimic/res/level_c/lafan1_paper_arch_symmetry_augmented_reverse_guidance_full_split/level_c_lafan1_paper_arch_reverse_guidance_full_split_rows.tsv	True	7164655	584b55b938c506930fb23e424e897fe3f2f28fc9ec1e688ce5a96a1b44656ee7
level_c_lafan1_paper_arch_symmetry_augmented_reverse_guidance_full_split_gpu_rows	level_c	res/level_c/lafan1_paper_arch_symmetry_augmented_reverse_guidance_full_split/level_c_lafan1_paper_arch_reverse_guidance_full_split_gpu_rows.tsv	/mnt/infini-data/test/BeyondMimic/res/level_c/lafan1_paper_arch_symmetry_augmented_reverse_guidance_full_split/level_c_lafan1_paper_arch_reverse_guidance_full_split_gpu_rows.tsv	True	566	a4507e76b0b343b2ce1b48d068a9727b15fb8f382be025d4a0b1401e6ee8c321
level_c_lafan1_paper_arch_symmetry_augmented_reverse_guidance_full_split_npz	level_c	res/level_c/lafan1_paper_arch_symmetry_augmented_reverse_guidance_full_split/level_c_lafan1_paper_arch_reverse_guidance_full_split.npz	/mnt/infini-data/test/BeyondMimic/res/level_c/lafan1_paper_arch_symmetry_augmented_reverse_guidance_full_split/level_c_lafan1_paper_arch_reverse_guidance_full_split.npz	True	757698	cd94e554d8277f590610b849c4227d9a196ef92046de68993331acd07140636a
level_c_lafan1_paper_arch_symmetry_augmented_reverse_guidance_full_split_script	level_c	reproduction/scripts/level_c_lafan1_paper_arch_reverse_guidance_full_split_audit.py	/mnt/infini-data/test/BeyondMimic/reproduction/scripts/level_c_lafan1_paper_arch_reverse_guidance_full_split_audit.py	True	25152	358ef835c036a9c5e3705515920fb8fad623a269d3065f3f91ff77e910aba556
level_c_lafan1_paper_arch_onnx_latency_audit	level_c	res/level_c/lafan1_paper_arch_onnx_latency/level_c_lafan1_paper_arch_onnx_latency_audit.json	/mnt/infini-data/test/BeyondMimic/res/level_c/lafan1_paper_arch_onnx_latency/level_c_lafan1_paper_arch_onnx_latency_audit.json	True	6514	1ad11ee66b838a85391e495f712ea54176ee9ca641ff7cdb8df9be7d8e664fc9
level_c_lafan1_paper_arch_vae_decoder_onnx	level_c	res/level_c/lafan1_paper_arch_onnx_latency/lafan1_paper_arch_vae_decoder.onnx	/mnt/infini-data/test/BeyondMimic/res/level_c/lafan1_paper_arch_onnx_latency/lafan1_paper_arch_vae_decoder.onnx	True	11634669	bb0b37621b7231457d74c030bbcf06747af8e4a4673c00783198280711026c6d
level_c_lafan1_paper_arch_diffusion_denoiser_onnx	level_c	res/level_c/lafan1_paper_arch_onnx_latency/lafan1_paper_arch_diffusion_denoiser.onnx	/mnt/infini-data/test/BeyondMimic/res/level_c/lafan1_paper_arch_onnx_latency/lafan1_paper_arch_diffusion_denoiser.onnx	True	76924041	66a04543b4a6042bd2a981ebe8f5848c17e481c0972fd1ec74566c3fc09d1d8a
level_c_lafan1_paper_arch_onnx_latency_script	level_c	reproduction/scripts/level_c_lafan1_paper_arch_onnx_latency_audit.py	/mnt/infini-data/test/BeyondMimic/reproduction/scripts/level_c_lafan1_paper_arch_onnx_latency_audit.py	True	18262	502d19d997317714957d026a4ff54405c8fd549aaf0a5e4bd3d7ea386f813866
level_c_lafan1_paper_arch_symmetry_augmented_onnx_latency_audit	level_c	res/level_c/lafan1_paper_arch_symmetry_augmented_onnx_latency/level_c_lafan1_paper_arch_onnx_latency_audit.json	/mnt/infini-data/test/BeyondMimic/res/level_c/lafan1_paper_arch_symmetry_augmented_onnx_latency/level_c_lafan1_paper_arch_onnx_latency_audit.json	True	7127	68ea1de24dabc1a133245815b895e4b97ab5f6bfa4755d5e860c6818a5d2c772
level_c_lafan1_paper_arch_symmetry_augmented_vae_decoder_onnx	level_c	res/level_c/lafan1_paper_arch_symmetry_augmented_onnx_latency/lafan1_paper_arch_vae_decoder.onnx	/mnt/infini-data/test/BeyondMimic/res/level_c/lafan1_paper_arch_symmetry_augmented_onnx_latency/lafan1_paper_arch_vae_decoder.onnx	True	11634834	a4d6ba8ab119a4d06fc2cc272fea9fda065012a3c909d1abde35b023e447cdc5
level_c_lafan1_paper_arch_symmetry_augmented_diffusion_denoiser_onnx	level_c	res/level_c/lafan1_paper_arch_symmetry_augmented_onnx_latency/lafan1_paper_arch_diffusion_denoiser.onnx	/mnt/infini-data/test/BeyondMimic/res/level_c/lafan1_paper_arch_symmetry_augmented_onnx_latency/lafan1_paper_arch_diffusion_denoiser.onnx	True	76924206	fae3011d4090588215019cdf397d189e576ee42d79f878ec2b82c0b4b89211cb
level_c_lafan1_paper_arch_symmetry_augmented_onnx_latency_rows	level_c	res/level_c/lafan1_paper_arch_symmetry_augmented_onnx_latency/level_c_lafan1_paper_arch_onnx_latency_rows.tsv	/mnt/infini-data/test/BeyondMimic/res/level_c/lafan1_paper_arch_symmetry_augmented_onnx_latency/level_c_lafan1_paper_arch_onnx_latency_rows.tsv	True	811	19f6568aadf08c63608ea491fecfd3eb785c117ffac2c93bd9a986d6e13a26b5
level_c_lafan1_paper_arch_symmetry_augmented_onnx_io_fixture	level_c	res/level_c/lafan1_paper_arch_symmetry_augmented_onnx_latency/lafan1_paper_arch_onnx_io_fixture.npz	/mnt/infini-data/test/BeyondMimic/res/level_c/lafan1_paper_arch_symmetry_augmented_onnx_latency/lafan1_paper_arch_onnx_io_fixture.npz	True	56532	aa1b522bff710bd6227d23383eb2bbc7a40a818e5d1192a3f758600adb072953
level_c_lafan1_paper_arch_offline_metrics_audit	level_c	res/level_c/lafan1_paper_arch_offline_metrics/level_c_lafan1_paper_arch_offline_metrics_audit.json	/mnt/infini-data/test/BeyondMimic/res/level_c/lafan1_paper_arch_offline_metrics/level_c_lafan1_paper_arch_offline_metrics_audit.json	True	7849	253759edc9a3ae9119c8f67e31047492ee540bd4a10e6afd064dd0a8295df571
level_c_lafan1_paper_arch_offline_metrics_npz	level_c	res/level_c/lafan1_paper_arch_offline_metrics/level_c_lafan1_paper_arch_offline_metrics.npz	/mnt/infini-data/test/BeyondMimic/res/level_c/lafan1_paper_arch_offline_metrics/level_c_lafan1_paper_arch_offline_metrics.npz	True	87112959	46f3eeb40826e810d1e99e429172b0bf0940c00d7ccd1716c07d23e6e2ede37b
level_c_lafan1_paper_arch_offline_metrics_script	level_c	reproduction/scripts/level_c_lafan1_paper_arch_offline_metrics_audit.py	/mnt/infini-data/test/BeyondMimic/reproduction/scripts/level_c_lafan1_paper_arch_offline_metrics_audit.py	True	16735	24006124c835ed78fd0245bee199418f34eed1ae1e23f728a22d1e68592f199b
level_c_lafan1_paper_arch_guidance_eval	level_c	res/level_c/lafan1_paper_arch_guidance_eval/level_c_lafan1_paper_arch_guidance_eval.json	/mnt/infini-data/test/BeyondMimic/res/level_c/lafan1_paper_arch_guidance_eval/level_c_lafan1_paper_arch_guidance_eval.json	True	118085	9c727e5e17838d080bfc681a2f318a63982e5c3febc33dbed00562e0c94ee371
level_c_lafan1_paper_arch_guidance_eval_npz	level_c	res/level_c/lafan1_paper_arch_guidance_eval/level_c_lafan1_paper_arch_guidance_eval.npz	/mnt/infini-data/test/BeyondMimic/res/level_c/lafan1_paper_arch_guidance_eval/level_c_lafan1_paper_arch_guidance_eval.npz	True	732730	e7eb906264f1ff58142fe0cbd62f6e12df480c95a2caa31ef9b44d018c52120a
level_c_lafan1_paper_arch_guidance_eval_script	level_c	reproduction/scripts/level_c_lafan1_paper_arch_guidance_eval.py	/mnt/infini-data/test/BeyondMimic/reproduction/scripts/level_c_lafan1_paper_arch_guidance_eval.py	True	18117	6be286fde921c61c2038418e4e477a49569fe4dbcf0a4549fab8bef7299c2eed
level_c_lafan1_paper_arch_reverse_guidance	level_c	res/level_c/lafan1_paper_arch_reverse_guidance/level_c_lafan1_paper_arch_reverse_guidance_audit.json	/mnt/infini-data/test/BeyondMimic/res/level_c/lafan1_paper_arch_reverse_guidance/level_c_lafan1_paper_arch_reverse_guidance_audit.json	True	59432	5a7c49733d8892b2fb580ee559b3f0a8411ca6c9945700861514246ae0482efb
level_c_lafan1_paper_arch_reverse_guidance_rows	level_c	res/level_c/lafan1_paper_arch_reverse_guidance/level_c_lafan1_paper_arch_reverse_guidance_rows.tsv	/mnt/infini-data/test/BeyondMimic/res/level_c/lafan1_paper_arch_reverse_guidance/level_c_lafan1_paper_arch_reverse_guidance_rows.tsv	True	18766	665214450aef65c251c5afdc5ca104cf68ecc1707e57199419a804a0c687d05d
level_c_lafan1_paper_arch_reverse_guidance_npz	level_c	res/level_c/lafan1_paper_arch_reverse_guidance/level_c_lafan1_paper_arch_reverse_guidance.npz	/mnt/infini-data/test/BeyondMimic/res/level_c/lafan1_paper_arch_reverse_guidance/level_c_lafan1_paper_arch_reverse_guidance.npz	True	326505	84579c508c5b5349402da71ec11c9cc96e2cb4b4f59bf641b2c00b45416657ab
level_c_lafan1_paper_arch_reverse_guidance_script	level_c	reproduction/scripts/level_c_lafan1_paper_arch_reverse_guidance_audit.py	/mnt/infini-data/test/BeyondMimic/reproduction/scripts/level_c_lafan1_paper_arch_reverse_guidance_audit.py	True	20699	9ecc6a8591a4bcc178c655076d0ef495500bd478148885bf62e5429a00d2cf22
level_c_lafan1_paper_arch_symmetry_augmented_reverse_guidance	level_c	res/level_c/lafan1_paper_arch_symmetry_augmented_reverse_guidance/level_c_lafan1_paper_arch_reverse_guidance_audit.json	/mnt/infini-data/test/BeyondMimic/res/level_c/lafan1_paper_arch_symmetry_augmented_reverse_guidance/level_c_lafan1_paper_arch_reverse_guidance_audit.json	True	60211	2eca1b62cfa85e2a607c81ce9d9f59e6e4d3e85a6d3e223c1548b35962425ed5
level_c_lafan1_paper_arch_symmetry_augmented_reverse_guidance_rows	level_c	res/level_c/lafan1_paper_arch_symmetry_augmented_reverse_guidance/level_c_lafan1_paper_arch_reverse_guidance_rows.tsv	/mnt/infini-data/test/BeyondMimic/res/level_c/lafan1_paper_arch_symmetry_augmented_reverse_guidance/level_c_lafan1_paper_arch_reverse_guidance_rows.tsv	True	18875	fd14a540715e9f63254d6a2884d06d6bbc357185725015425e2aef705207555b
level_c_lafan1_paper_arch_symmetry_augmented_reverse_guidance_npz	level_c	res/level_c/lafan1_paper_arch_symmetry_augmented_reverse_guidance/level_c_lafan1_paper_arch_reverse_guidance.npz	/mnt/infini-data/test/BeyondMimic/res/level_c/lafan1_paper_arch_symmetry_augmented_reverse_guidance/level_c_lafan1_paper_arch_reverse_guidance.npz	True	326190	064ad85b380b2c47e7296a48e3ec3a8f7366e161ea27a960f347f13ca6d97353
level_c_diffusion_equations	level_c	res/level_c/diffusion_equation_audit/level_c_diffusion_equation_audit.json	/mnt/infini-data/test/BeyondMimic/res/level_c/diffusion_equation_audit/level_c_diffusion_equation_audit.json	True	8102	bd12686a2d0c64bd3474d5f7c23b27732299b135f4bc7ce5d3f604f3d667a7f7
level_c_guidance_task_scale_sweep	level_c	res/level_c/guidance_task_scale_sweep/level_c_guidance_task_scale_sweep.json	/mnt/infini-data/test/BeyondMimic/res/level_c/guidance_task_scale_sweep/level_c_guidance_task_scale_sweep.json	True	15502	ae45e7089ca5c21555fad000b7f7ccb3c95c29ddf809333d3c1441158a52d4b7
level_c_guidance_debug_visualization	level_c	res/level_c/guidance_debug_visualization/level_c_guidance_debug_visualization.json	/mnt/infini-data/test/BeyondMimic/res/level_c/guidance_debug_visualization/level_c_guidance_debug_visualization.json	True	9927	d4f868c15220dfedaa03a51f82ee3aeacfb6ef69ce679bccc1dea118825bb982
level_c_guidance_task_metric_audit	level_c	res/level_c/guidance_task_metric_audit/level_c_guidance_task_metric_audit.json	/mnt/infini-data/test/BeyondMimic/res/level_c/guidance_task_metric_audit/level_c_guidance_task_metric_audit.json	True	8858	b683ebab960c0bbc6b7737a95f6b9fe60a16db12d3eb072680f7492378920ca2
level_c_guidance_full_split_result_table	level_c	res/level_c/guidance_full_split_result_table/level_c_guidance_full_split_result_table.json	/mnt/infini-data/test/BeyondMimic/res/level_c/guidance_full_split_result_table/level_c_guidance_full_split_result_table.json	True	8961	ad9c2f3bed1e06d638907cba4e4668f9efbf8c9e75270cb7fed69129d02f7696
level_c_guidance_full_split_result_table_tsv	level_c	res/level_c/guidance_full_split_result_table/level_c_guidance_full_split_result_table.tsv	/mnt/infini-data/test/BeyondMimic/res/level_c/guidance_full_split_result_table/level_c_guidance_full_split_result_table.tsv	True	1611	0f3071e37085126438c459a753d62cf490457d26cea7abc468ae42eb8193852c
level_c_guidance_full_split_result_table_csv	level_c	res/level_c/guidance_full_split_result_table/level_c_guidance_full_split_result_table.csv	/mnt/infini-data/test/BeyondMimic/res/level_c/guidance_full_split_result_table/level_c_guidance_full_split_result_table.csv	True	1555	d0c60482e96f21a0331f0ed6640192dad23f4ed619923be420b1d8d649b2fab8
level_c_guidance_full_split_result_table_pdf	level_c	res/level_c/guidance_full_split_result_table/level_c_guidance_full_split_cost_delta.pdf	/mnt/infini-data/test/BeyondMimic/res/level_c/guidance_full_split_result_table/level_c_guidance_full_split_cost_delta.pdf	True	15757	570953e2bc523e2194068e0174709de6b25f9fe9f11891a43ab61097a7151d4f
level_c_guidance_full_split_result_table_svg	level_c	res/level_c/guidance_full_split_result_table/level_c_guidance_full_split_cost_delta.svg	/mnt/infini-data/test/BeyondMimic/res/level_c/guidance_full_split_result_table/level_c_guidance_full_split_cost_delta.svg	True	45350	3addadaa8bfc8898e669e9cfe252027c652bef557492c4440ff142acb38b3030
level_c_guidance_full_split_result_table_png	level_c	res/level_c/guidance_full_split_result_table/level_c_guidance_full_split_cost_delta.png	/mnt/infini-data/test/BeyondMimic/res/level_c/guidance_full_split_result_table/level_c_guidance_full_split_cost_delta.png	True	96898	8f06f91a596c3598c765cd061a91684169de347ec12316c1e6f487088b508de0
level_c_guidance_full_split_result_table_script	level_c	reproduction/scripts/level_c_guidance_full_split_result_table.py	/mnt/infini-data/test/BeyondMimic/reproduction/scripts/level_c_guidance_full_split_result_table.py	True	10391	0f33deeb00a8ac2b15b687355f758e9fb11056ee5bab4619a4ac691810e39b1d
level_c_guidance_checkpoint_visualization	level_c	res/level_c/guidance_checkpoint_visualization/level_c_guidance_checkpoint_visualization.json	/mnt/infini-data/test/BeyondMimic/res/level_c/guidance_checkpoint_visualization/level_c_guidance_checkpoint_visualization.json	True	9884	48622b4784e816b5f10a052426aa478ea365d1c28f7a5b99084dc947f20e9ee0
level_c_guidance_checkpoint_visualization_rows	level_c	res/level_c/guidance_checkpoint_visualization/level_c_guidance_checkpoint_visualization.tsv	/mnt/infini-data/test/BeyondMimic/res/level_c/guidance_checkpoint_visualization/level_c_guidance_checkpoint_visualization.tsv	True	1970	38f48d3d7c830ae836aa7965b7e0eb77f43aef710edf372cf4393305844a4e9d
level_c_guidance_checkpoint_visualization_gif	level_c	res/level_c/guidance_checkpoint_visualization/checkpoint_guidance_composed_preview.gif	/mnt/infini-data/test/BeyondMimic/res/level_c/guidance_checkpoint_visualization/checkpoint_guidance_composed_preview.gif	True	76930	7a0e71107fc626494c909db8f6b84dd28fe61025fb0d7ef9df19523594937fe9
level_c_guidance_checkpoint_visualization_joystick_png	level_c	res/level_c/guidance_checkpoint_visualization/checkpoint_guidance_joystick.png	/mnt/infini-data/test/BeyondMimic/res/level_c/guidance_checkpoint_visualization/checkpoint_guidance_joystick.png	True	201364	d94255df51098f5c093ef8b550ef2a8c5399a22b98ba677d6cbb27133cfa6c94
level_c_guidance_checkpoint_visualization_waypoint_png	level_c	res/level_c/guidance_checkpoint_visualization/checkpoint_guidance_waypoint.png	/mnt/infini-data/test/BeyondMimic/res/level_c/guidance_checkpoint_visualization/checkpoint_guidance_waypoint.png	True	166156	4687a051f806a6f2ba5cd353f1973b527326db25d4a4fff1edcc438cf8912c7a
level_c_guidance_checkpoint_visualization_obstacle_png	level_c	res/level_c/guidance_checkpoint_visualization/checkpoint_guidance_obstacle_avoidance.png	/mnt/infini-data/test/BeyondMimic/res/level_c/guidance_checkpoint_visualization/checkpoint_guidance_obstacle_avoidance.png	True	197170	86eca59c09e002648a6343011aaf9d7582ef6c1434b2866a324b454c7b4466ee
level_c_guidance_checkpoint_visualization_inpainting_png	level_c	res/level_c/guidance_checkpoint_visualization/checkpoint_guidance_inpainting.png	/mnt/infini-data/test/BeyondMimic/res/level_c/guidance_checkpoint_visualization/checkpoint_guidance_inpainting.png	True	149863	75818dfb02ebf9b61604376c27b89e63b332d6491ec5cb87d9e788a9f8355c50
level_c_guidance_checkpoint_visualization_composed_png	level_c	res/level_c/guidance_checkpoint_visualization/checkpoint_guidance_composed_objectives.png	/mnt/infini-data/test/BeyondMimic/res/level_c/guidance_checkpoint_visualization/checkpoint_guidance_composed_objectives.png	True	197804	e394a3dcda581648d147723a0bb0ea0776348912840af8514af7b7e4be6a0f71
level_c_guidance_checkpoint_visualization_script	level_c	reproduction/scripts/level_c_guidance_checkpoint_visualization.py	/mnt/infini-data/test/BeyondMimic/reproduction/scripts/level_c_guidance_checkpoint_visualization.py	True	12932	206bd99b805404b9e7b91565d7bece7529b075b1c2e212b2860812789ef6173d
level_c_guidance_visual_deliverables_audit	level_c	res/level_c/guidance_visual_deliverables_audit/level_c_guidance_visual_deliverables_audit.json	/mnt/infini-data/test/BeyondMimic/res/level_c/guidance_visual_deliverables_audit/level_c_guidance_visual_deliverables_audit.json	True	15469	fd10ba2e72f0628b39959c20429e3093c8c7e4860ccc9cbaf263130d05b9bc1d
level_c_guidance_coverage	level_c	res/level_c/guidance_cost_coverage_audit/level_c_guidance_cost_coverage_audit.json	/mnt/infini-data/test/BeyondMimic/res/level_c/guidance_cost_coverage_audit/level_c_guidance_cost_coverage_audit.json	True	9517	ada7df1a88290e42d1a98147fd12d4ab6c614c40bd57118e8e322159be8aa2f7
comparison_csv	comparison	res/comparison/paper_vs_reproduction.csv	/mnt/infini-data/test/BeyondMimic/res/comparison/paper_vs_reproduction.csv	True	67992	a3bd785b7c0191cb49b5995ce0adf61da024f78be5875ce2425a91b7d82f0e8c
final_report_json	final_report	res/final_report/final_reproduction_report.json	/mnt/infini-data/test/BeyondMimic/res/final_report/final_reproduction_report.json	True	339163	1c45d53881a4acd5ca50518005b1b4efc23598afba73710e31fe1053160edbc0
final_report_md	final_report	reproduction/docs/final_reproduction_report.md	/mnt/infini-data/test/BeyondMimic/reproduction/docs/final_reproduction_report.md	True	191413	624280cdeeab28e254e3cdf61b436b32489b984184a6b9d2aaa270e92c8900c8
goal_final_report_md	final_report	res/final_report/reproduction_report.md	/mnt/infini-data/test/BeyondMimic/res/final_report/reproduction_report.md	True	191413	624280cdeeab28e254e3cdf61b436b32489b984184a6b9d2aaa270e92c8900c8
final_report_requirement_audit	final_report	res/final_report/final_report_requirement_audit/final_report_requirement_audit.json	/mnt/infini-data/test/BeyondMimic/res/final_report/final_report_requirement_audit/final_report_requirement_audit.json	True	4579	5c8d7e0530de1b7feabcf3dc52c69d98438c06ed8dcbaec96d0a0ebc33d38d00
final_deliverables_audit	final_report	res/final_deliverables_audit/final_deliverables_audit.json	/mnt/infini-data/test/BeyondMimic/res/final_deliverables_audit/final_deliverables_audit.json	True	23344	d9ae53962b73d33a61108a38c5e72c459cb6081b349e819b12bccc2f2652bd4a
visual_media_inventory_audit	final_report	res/visual_media_inventory/visual_media_inventory_audit.json	/mnt/infini-data/test/BeyondMimic/res/visual_media_inventory/visual_media_inventory_audit.json	True	42624	e919f5560d222f77208c509ac604871b42b47c41665861b2ce24c1367f00e818
verification_command_coverage_audit	final_report	res/verification_command_coverage/verification_command_coverage_audit.json	/mnt/infini-data/test/BeyondMimic/res/verification_command_coverage/verification_command_coverage_audit.json	True	93441	b58378ddb8650b6d3784043e286e881c82c57dd3a0aac42f1bb0131a6c32303e
verification_command_syntax_audit	final_report	res/verification_command_syntax/verification_command_syntax_audit.json	/mnt/infini-data/test/BeyondMimic/res/verification_command_syntax/verification_command_syntax_audit.json	True	60785	126dee498bb31f2e2251f80016fdc344c181bd50263aa5da12f7b28b6fe1e015
verification_command_script_manifest	final_report	res/verification_command_script_manifest/verification_command_script_manifest.json	/mnt/infini-data/test/BeyondMimic/res/verification_command_script_manifest/verification_command_script_manifest.json	True	67143	1e8c58bb623731bd32576805a6a898813382ff926ac6f43942dca03f1b346c9f
required_artifact_absence_audit	final_report	res/required_artifact_absence/required_artifact_absence_audit.json	/mnt/infini-data/test/BeyondMimic/res/required_artifact_absence/required_artifact_absence_audit.json	True	51677	7ef26321d4eaad9ba171787e955d80b3da0c7ad28acba43cda034b80a1d03b19
runbook	documentation	reproduction/RUNBOOK.md	/mnt/infini-data/test/BeyondMimic/reproduction/RUNBOOK.md	True	54574	6a4a90c9f962c3424519472f2f93b175db9c5a0c9d9e0b9e8bb554bf1ecdc5eb
progress	documentation	reproduction/PROGRESS.md	/mnt/infini-data/test/BeyondMimic/reproduction/PROGRESS.md	True	211964	044e1fdc30ebfa5be77a6d5e0a5b507c4a81fdda2a4cf21584fbde9e7cfd8ca3
