index	command	script_path	size_bytes	sha256
0	python3 /mnt/infini-data/test/BeyondMimic/reproduction/scripts/reproduction_master_audit.py	reproduction/scripts/reproduction_master_audit.py	709018	a392ce34e58b7bb6e5141ea789c6564ae9c14501016f59ca6c3c1583b3a5eed5
1	python3 /mnt/infini-data/test/BeyondMimic/reproduction/scripts/blocked_gate_audit.py	reproduction/scripts/blocked_gate_audit.py	26866	2d9fdd9af6d4bdf6c37ae4901898cfb88160e2293fa3637bfd9c9ef044eaa8c1
2	python3 /mnt/infini-data/test/BeyondMimic/reproduction/scripts/paper_source_coverage_audit.py	reproduction/scripts/paper_source_coverage_audit.py	17265	b2678cb987471177b28b053de738982547c8a60456c650328754f7d240e01010
3	python3 /mnt/infini-data/test/BeyondMimic/reproduction/scripts/paper_latex_inventory_audit.py	reproduction/scripts/paper_latex_inventory_audit.py	14431	cbc4febc96f32b1e09e3efa6e97a566e8438b9ccb6025245d08c151e80dd6b82
4	python3 /mnt/infini-data/test/BeyondMimic/reproduction/scripts/paper_formula_code_trace_audit.py	reproduction/scripts/paper_formula_code_trace_audit.py	17879	301684d03592964db90036a487057b81960f324d4a62611d409db9e69037625f
5	python3 /mnt/infini-data/test/BeyondMimic/reproduction/scripts/paper_pdf_source_consistency_audit.py	reproduction/scripts/paper_pdf_source_consistency_audit.py	10270	56fbd535be214a1003106d27c6925be88d46fe383960f713d43bc2f1cc74b153
6	python3 /mnt/infini-data/test/BeyondMimic/reproduction/scripts/paper_table_value_audit.py	reproduction/scripts/paper_table_value_audit.py	14163	4901bf0d3183d8b03e9a7e8a16fc2d9d790e45ebd1e0678a1bc14c4cdc190be8
7	python3 /mnt/infini-data/test/BeyondMimic/reproduction/scripts/skill_success_table_data_audit.py	reproduction/scripts/skill_success_table_data_audit.py	11572	e8519abf1e36244d2ce576e516b8e3566f8d6f0c24e2df23907429703a3a967f
8	python3 /mnt/infini-data/test/BeyondMimic/reproduction/scripts/released_panel_mapping_audit.py	reproduction/scripts/released_panel_mapping_audit.py	11928	703a08c6ec27e9a1e110a02c751e1a2c75a3846bacd00fa46af45a6363f3c14a
9	python3 /mnt/infini-data/test/BeyondMimic/reproduction/scripts/paper_vs_reproduction_comparison.py	reproduction/scripts/paper_vs_reproduction_comparison.py	320396	16a814ad723fdb405573e691801951393315de7201ad42f7cceb5ab19cbb8ebf
10	python3 /mnt/infini-data/test/BeyondMimic/reproduction/scripts/results_claims_audit.py	reproduction/scripts/results_claims_audit.py	22102	1127b5dc04d6a0008c2ef031db6197ddc4651a24526f1b2965d87943cdd8e51b
11	python3 /mnt/infini-data/test/BeyondMimic/reproduction/scripts/bm_diffusion_env_audit.py	reproduction/scripts/bm_diffusion_env_audit.py	6434	dfa4c3ad56c9acaac5cf712f73a505ccbd2f05d6ae164ab1e7c6effefbfc34a9
12	python3 /mnt/infini-data/test/BeyondMimic/reproduction/scripts/gpu_resource_audit.py --samples 3 --interval-sec 1	reproduction/scripts/gpu_resource_audit.py	8485	964b7cab82a34dfd7504be16cdec95286973002ff525f3bf631c642540efc1e9
13	python3 /mnt/infini-data/test/BeyondMimic/reproduction/scripts/create_run_management_skeleton.py	reproduction/scripts/create_run_management_skeleton.py	8875	e741b9248ee0aae5c87e31c6e1474ae3c93d1710656888ae3f63eca7a97846b2
14	python3 /mnt/infini-data/test/BeyondMimic/reproduction/scripts/checkpoint_resume_smoke.py	reproduction/scripts/checkpoint_resume_smoke.py	7622	9f50137c7f613419153cce2a8160f3004a8995b92ad32837ff2c563aeca7ab4f
15	python3 /mnt/infini-data/test/BeyondMimic/reproduction/scripts/full_run_deliverable_gap_audit.py	reproduction/scripts/full_run_deliverable_gap_audit.py	10321	b3d27db06765934d8a015ca92f279f94a8ffbbad321c82747002950c6e0bf1fa
16	python3 /mnt/infini-data/test/BeyondMimic/reproduction/scripts/record_failed_run.py	reproduction/scripts/record_failed_run.py	7718	66558aba0f8b011aaa4038a5141bebf883847b666735f137f3954c5bdebf542e
17	python3 /mnt/infini-data/test/BeyondMimic/reproduction/scripts/record_official_train_entry_failed_run.py	reproduction/scripts/record_official_train_entry_failed_run.py	8928	9ffe1c54232f9607e689199af015242386cb2c6a3cfbb192c3a33fc275e89946
18	python3 /mnt/infini-data/test/BeyondMimic/reproduction/scripts/resolved_reproduction_config.py	reproduction/scripts/resolved_reproduction_config.py	9868	9622a3dcbdc9d8db05f81f4d789acc40d0a29eab5127b1154651fbc1c618e2b2
19	python3 /mnt/infini-data/test/BeyondMimic/reproduction/scripts/artifact_manifest.py	reproduction/scripts/artifact_manifest.py	270640	9ac287e40f25f5bfa4c47cc515e69c032e3de2cec9dcc9f2b92dd74433068987
20	python3 /mnt/infini-data/test/BeyondMimic/reproduction/scripts/download_source_integrity_audit.py	reproduction/scripts/download_source_integrity_audit.py	13139	d261c304024b1b2e1022fbd977a0886f5559f2d9feda326d612dab3ea686995c
21	python3 /mnt/infini-data/test/BeyondMimic/reproduction/scripts/run_log_config_catalog.py	reproduction/scripts/run_log_config_catalog.py	7923	8b7a77544a1c63553d2657fb3fc75979788a9af8cd5ccbf8edad0d39c436fab5
22	python3 /mnt/infini-data/test/BeyondMimic/reproduction/scripts/experiment_protocol_audit.py	reproduction/scripts/experiment_protocol_audit.py	3375	6b4ce4e1da968c7c9965bf87b97104aca815a017e6997f84f10dbdc19bfa01ac
23	python3 /mnt/infini-data/test/BeyondMimic/reproduction/scripts/readme_audit.py	reproduction/scripts/readme_audit.py	4750	e6a21e24eff15ebedfad36fb2957a09125b95e3ab999fcabe69056339ea38a73
24	python3 /mnt/infini-data/test/BeyondMimic/reproduction/scripts/patch_inventory_audit.py	reproduction/scripts/patch_inventory_audit.py	7700	6650af44a94a3cd1ce9b1ec7107f20868a693668ce6948539057163e8bec745b
25	python3 /mnt/infini-data/test/BeyondMimic/reproduction/scripts/patch_snapshot_audit.py	reproduction/scripts/patch_snapshot_audit.py	6766	f15005b2bd4ce3d50e76ab595bef2c00f24a149b5aa343a29f582da9fa3ca836
26	python3 /mnt/infini-data/test/BeyondMimic/reproduction/scripts/final_report_requirement_audit.py	reproduction/scripts/final_report_requirement_audit.py	6077	3302a2a30edfc83d94f6edabde6a43af9378e9d6be868e6304c3202242574025
27	python3 /mnt/infini-data/test/BeyondMimic/reproduction/scripts/final_deliverables_audit.py	reproduction/scripts/final_deliverables_audit.py	21610	13b534cfd81dc19309acb9206b0dff9cb6d0b6779f2439e84c54c6bb754abd22
28	python3 /mnt/infini-data/test/BeyondMimic/reproduction/scripts/visual_media_inventory_audit.py	reproduction/scripts/visual_media_inventory_audit.py	11914	e792f49f2bc90d4727067c1f097c04be1fc3a613e1c4fb73e313961b10f89c9b
29	/mnt/infini-data/test/BeyondMimic/envs/bm_analysis/bin/python /mnt/infini-data/test/BeyondMimic/reproduction/scripts/visual_evidence_index.py	reproduction/scripts/visual_evidence_index.py	12378	2ee3abb602f429844965a063807427c2f6cf9b4558b048c7a1b31b3c76c2ac6e
30	python3 /mnt/infini-data/test/BeyondMimic/reproduction/scripts/verification_command_coverage_audit.py	reproduction/scripts/verification_command_coverage_audit.py	10144	3dc6e9db3be3d49efaafee4e0a4281b4de00759a54e853073f4b2319cb643935
31	python3 /mnt/infini-data/test/BeyondMimic/reproduction/scripts/verification_command_syntax_audit.py	reproduction/scripts/verification_command_syntax_audit.py	5386	313b461c56b555710855c8c0b2ab3bf13f8fbeb1cb2ab04f7354d472aad9f0d8
32	python3 /mnt/infini-data/test/BeyondMimic/reproduction/scripts/verification_command_script_manifest.py	reproduction/scripts/verification_command_script_manifest.py	5514	e137f265b7005a79aafa9a6509bf7542a3d291fd0803236a03b81ab8d842f555
33	python3 /mnt/infini-data/test/BeyondMimic/reproduction/scripts/required_artifact_absence_audit.py	reproduction/scripts/required_artifact_absence_audit.py	81324	e5141dc10c473fcbe3c259b0c36453514b5e40fbc6dda4b8febf720da9aae749
34	python3 /mnt/infini-data/test/BeyondMimic/reproduction/scripts/trial_failure_accounting_audit.py	reproduction/scripts/trial_failure_accounting_audit.py	13366	f4112c1677c6848d5013abf69d92214bea8f62d7a70c6ffe6597ae335f76404c
35	python3 /mnt/infini-data/test/BeyondMimic/reproduction/scripts/evaluation_metrics_coverage_audit.py	reproduction/scripts/evaluation_metrics_coverage_audit.py	26346	12eac1855fb7d38ec525abb35534ba55095485e69440e9842f9a1a95f7f89b97
36	python3 /mnt/infini-data/test/BeyondMimic/reproduction/scripts/ablation_coverage_audit.py	reproduction/scripts/ablation_coverage_audit.py	11310	b5bc404a236f8e18bee46a417e2d8e683e0c881400917f7f4fcecdcd45985f88
37	python3 /mnt/infini-data/test/BeyondMimic/reproduction/scripts/metrics_catalog.py	reproduction/scripts/metrics_catalog.py	15033	a740c86a19a5f2a666ac2d19032fc7465d02970694b48d46bfe44d8d1bbba2f3
38	/mnt/infini-data/test/BeyondMimic/envs/bm_analysis/bin/python /mnt/infini-data/test/BeyondMimic/reproduction/scripts/released_data_metrics_summary.py	reproduction/scripts/released_data_metrics_summary.py	11928	4f360e99c0d9bbe7a7204cf8ca793a37874bde5a04b07ea8320dc574692c37ad
39	/mnt/infini-data/test/BeyondMimic/envs/bm_analysis/bin/python /mnt/infini-data/test/BeyondMimic/reproduction/scripts/released_data_statistical_audit.py	reproduction/scripts/released_data_statistical_audit.py	14003	ab57689e795d374b672ad243e880da3a7243208363e4a98b0752db762ef25cf5
40	python3 /mnt/infini-data/test/BeyondMimic/reproduction/scripts/run_level_a_released_data_suite.py	reproduction/scripts/run_level_a_released_data_suite.py	7940	b6837bc07210b0cae1fa62bc091f3a2027eb80c06815e45d925b0fb9129897cd
41	python3 /mnt/infini-data/test/BeyondMimic/reproduction/scripts/guidance_task_coverage_audit.py	reproduction/scripts/guidance_task_coverage_audit.py	15439	04171d44cfaf6b83016cf85728ba35e23a26d08bb7a6390fc21e1c70c2390d42
42	python3 /mnt/infini-data/test/BeyondMimic/reproduction/scripts/progress_report_audit.py	reproduction/scripts/progress_report_audit.py	5938	2f422ae2e5c317784040cebcddf4ceb8152478d3afb15b113ae37a1c358e4756
43	python3 /mnt/infini-data/test/BeyondMimic/reproduction/scripts/completion_matrix_status_audit.py	reproduction/scripts/completion_matrix_status_audit.py	5965	080785f9c7f39b86501ec757d4b44315974ee20119e884e6504dc49590901fc8
44	python3 /mnt/infini-data/test/BeyondMimic/reproduction/scripts/project_boundary_audit.py	reproduction/scripts/project_boundary_audit.py	6922	3cecc4e68da5400b8f375881122f711e179fe8d7a9484435b136638134c87996
45	python3 /mnt/infini-data/test/BeyondMimic/reproduction/scripts/core_test_coverage_audit.py	reproduction/scripts/core_test_coverage_audit.py	6060	3da3664a9ea9a783faac563bc7d0b34da55467a63c5ba36f1574d6d29959d7c5
46	python3 /mnt/infini-data/test/BeyondMimic/reproduction/scripts/coding_requirements_audit.py	reproduction/scripts/coding_requirements_audit.py	11418	79b02e53a51a3f799e96c6179f8bc81743d6ce2e846d7d52554ac37b3c3e9e13
47	python3 /mnt/infini-data/test/BeyondMimic/reproduction/tests/test_reimpl_package_api.py	reproduction/tests/test_reimpl_package_api.py	15111	f219fcf1dbfd95b74847a8fd3e3beada58b181bff6a547aea1d3b0f02a94e62f
48	python3 /mnt/infini-data/test/BeyondMimic/reproduction/scripts/run_reimpl_test_suite.py	reproduction/scripts/run_reimpl_test_suite.py	7134	fba5befd7585292929f32e65a5f3f0cb1ec0a1d0ebca3cd8978acb79863064a4
49	python3 /mnt/infini-data/test/BeyondMimic/reproduction/scripts/level_c_diffusion_equation_audit.py	reproduction/scripts/level_c_diffusion_equation_audit.py	10988	d32803575d130f84158b3292aced681cc799c3af328bb65ba7eca349b51eb458
50	python3 /mnt/infini-data/test/BeyondMimic/reproduction/scripts/level_c_trajectory_inverse_transform_audit.py	reproduction/scripts/level_c_trajectory_inverse_transform_audit.py	12223	0cca290c1c7b551008a68437c06c5802625116d907dc0c419b608923284ae500
51	python3 /mnt/infini-data/test/BeyondMimic/reproduction/scripts/level_c_emphasis_projection_audit.py	reproduction/scripts/level_c_emphasis_projection_audit.py	8674	3bc76de608bf895c20f723f0f36265982c31be49ffd9690dfb4285fce0720bce
52	python3 /mnt/infini-data/test/BeyondMimic/reproduction/scripts/level_c_state_representation_source_audit.py	reproduction/scripts/level_c_state_representation_source_audit.py	14217	54a9464666c62856324af7b8166329bdd240dd55c6c232fcb487fe4b4a138697
53	python3 /mnt/infini-data/test/BeyondMimic/reproduction/scripts/level_c_dataset_collection_protocol_audit.py	reproduction/scripts/level_c_dataset_collection_protocol_audit.py	15234	d02ecf8392f60a36176eb0b41eebf1c3fb375bce8ba7e65df83efdfa9a4ce7a9
54	python3 /mnt/infini-data/test/BeyondMimic/reproduction/scripts/level_c_rollout_rejection_manifest_probe.py	reproduction/scripts/level_c_rollout_rejection_manifest_probe.py	13677	812378cf656563f5a535a409591662f9a6ad8dc80adcc067000125ead00a7b93
55	python3 /mnt/infini-data/test/BeyondMimic/reproduction/scripts/state_latent_schema_audit.py	reproduction/scripts/state_latent_schema_audit.py	7710	e198c39c2b81b2bd4bb33133af3b194f608834de3fd591bfd46e80544d0b45b8
56	python3 /mnt/infini-data/test/BeyondMimic/reproduction/scripts/dagger_schema_audit.py	reproduction/scripts/dagger_schema_audit.py	9208	06cc3d0931d1718fa3e58ca7e36c6c0d885a93816df3d970c5f7c57f330c12dc
57	python3 /mnt/infini-data/test/BeyondMimic/reproduction/scripts/level_c_dagger_iteration_smoke.py	reproduction/scripts/level_c_dagger_iteration_smoke.py	9926	822ef1bac9b26accc9ab13b5374b60a243758f3aec60c8ff8130123cc0ea64fd
58	python3 /mnt/infini-data/test/BeyondMimic/reproduction/scripts/build_level_c_paper_state_windows.py	reproduction/scripts/build_level_c_paper_state_windows.py	13078	33f498e5a34f835d06495a4b8db49c1d14facbf6d230ed4c069017e2f1b188b6
59	python3 /mnt/infini-data/test/BeyondMimic/reproduction/scripts/level_c_state_latent_dataset_consistency_audit.py	reproduction/scripts/level_c_state_latent_dataset_consistency_audit.py	12525	071a2059ee553f36f5c7ffd2c28360889b028f8a26d6a3811d640054344e7ce4
60	python3 /mnt/infini-data/test/BeyondMimic/reproduction/scripts/level_c_state_latent_training_dataset_contract_audit.py	reproduction/scripts/level_c_state_latent_training_dataset_contract_audit.py	14426	dc5784fdce06f75f041ce1c85b1de9d1f775d2caf65b2a3f67043e5dfd4ef700
61	python3 /mnt/infini-data/test/BeyondMimic/reproduction/scripts/level_c_paper_state_overfit_probe.py	reproduction/scripts/level_c_paper_state_overfit_probe.py	9641	f32a40c49a1fa75345092eb6f279fd35dfcb93c4bba7db0e4a795d8cddd77a8c
62	python3 /mnt/infini-data/test/BeyondMimic/reproduction/scripts/level_c_vae_latent_diffusion_overfit_probe.py	reproduction/scripts/level_c_vae_latent_diffusion_overfit_probe.py	10244	aaa9174622a45aaac5d915839855f20fbe27a7b675aa130ac811b2a837c254b0
63	python3 /mnt/infini-data/test/BeyondMimic/reproduction/scripts/level_c_paper_state_heldout_eval.py	reproduction/scripts/level_c_paper_state_heldout_eval.py	8563	3388d87ca182fd2926af5104cc5912a483d6aeb0ff26735ad79fa59134496156
64	python3 /mnt/infini-data/test/BeyondMimic/reproduction/scripts/level_c_vae_latent_heldout_eval.py	reproduction/scripts/level_c_vae_latent_heldout_eval.py	8898	713a58b16030893c9ff91de2326b8ae447b85843b60b3c5faed0ff2e7d30e10d
65	python3 /mnt/infini-data/test/BeyondMimic/reproduction/scripts/level_c_paper_state_heldout_multiseed_audit.py	reproduction/scripts/level_c_paper_state_heldout_multiseed_audit.py	10000	35c022d3ee0dfc4a0d3aa5f4d43c954689424c55df43b1bbafa3f3cbc32793ad
66	python3 /mnt/infini-data/test/BeyondMimic/reproduction/scripts/level_c_vae_latent_heldout_multiseed_audit.py	reproduction/scripts/level_c_vae_latent_heldout_multiseed_audit.py	10357	c22004527a82882fc34b02afc8e1014b3ec62852c03cd558af74aae5b8bd7e36
67	BM_LEVEL_C_TORCH_THREADS=2 /mnt/infini-data/test/BeyondMimic/envs/bm_tracking/bin/python /mnt/infini-data/test/BeyondMimic/reproduction/scripts/level_c_paper_state_transformer_arch_probe.py --device cuda:0 --batch-size 1	reproduction/scripts/level_c_paper_state_transformer_arch_probe.py	13137	a9ed34663a5188631336827dab4e22ac3bde481a6c44286ffaa1b23c00841e84
68	/mnt/infini-data/test/BeyondMimic/envs/bm_tracking/bin/python /mnt/infini-data/test/BeyondMimic/reproduction/scripts/level_c_vae_latent_transformer_arch_probe.py --device cpu --batch-size 1	reproduction/scripts/level_c_vae_latent_transformer_arch_probe.py	9327	8b5ee639663201258abe4d8514d3ce3f1aa342b54283a3d2b31633be44b1c9b2
69	python3 /mnt/infini-data/test/BeyondMimic/reproduction/scripts/level_c_transformer_parameter_count_audit.py	reproduction/scripts/level_c_transformer_parameter_count_audit.py	7357	cfe3ba8040c088d5f412492f906b09ac9c70da16da9a4e5e1caa237ec6bf5683
70	/mnt/infini-data/test/BeyondMimic/envs/bm_tracking/bin/python /mnt/infini-data/test/BeyondMimic/reproduction/scripts/level_c_transformer_state_dict_manifest.py	reproduction/scripts/level_c_transformer_state_dict_manifest.py	7386	aa3f4f9c2d2d09bb659c0d8d2e8964d71d0f717fd1fc35a117af3d505ab77f3c
71	/mnt/infini-data/test/BeyondMimic/envs/bm_tracking/bin/python /mnt/infini-data/test/BeyondMimic/reproduction/scripts/level_c_transformer_ema_smoke.py --device cpu --steps 2	reproduction/scripts/level_c_transformer_ema_smoke.py	10246	b2e852311ddd762be5f4343e3ae25834ff2fd047689792df9c1b447516e78045
72	/mnt/infini-data/test/BeyondMimic/envs/bm_tracking/bin/python /mnt/infini-data/test/BeyondMimic/reproduction/scripts/level_c_vae_latent_transformer_ema_smoke.py --device cpu --steps 2	reproduction/scripts/level_c_vae_latent_transformer_ema_smoke.py	10517	ca8d4f0a17ed9a9b44bba52b2683843bcd6045fd04d7e19ffe016a95081f2f27
73	/mnt/infini-data/test/BeyondMimic/envs/bm_tracking/bin/python /mnt/infini-data/test/BeyondMimic/reproduction/scripts/level_c_diffusion_checkpoint_smoke.py --device cpu	reproduction/scripts/level_c_diffusion_checkpoint_smoke.py	14987	b95457f6e6e727c161c808d38098e6caef126ca51a0f4480d3a7009dcb6499c4
74	/mnt/infini-data/test/BeyondMimic/envs/bm_diffusion/bin/python /mnt/infini-data/test/BeyondMimic/reproduction/scripts/level_c_bounded_debug_diffusion_training_run.py --device cpu --steps 3 --batch-size 1 --torch-threads 2	reproduction/scripts/level_c_bounded_debug_diffusion_training_run.py	21694	7bcca2d58cbf1097aeb360d748c872437eef5d211ed06c021ed7611ce590a366
75	/mnt/infini-data/test/BeyondMimic/envs/bm_diffusion/bin/python /mnt/infini-data/test/BeyondMimic/reproduction/scripts/level_c_bounded_debug_diffusion_checkpoint_eval.py --device cpu --torch-threads 2	reproduction/scripts/level_c_bounded_debug_diffusion_checkpoint_eval.py	10973	ddf1a7daafdba2be5a9c59c4d50d90f18392b85f7c79ab981ca066a34fc8808a
76	/mnt/infini-data/test/BeyondMimic/envs/bm_diffusion/bin/python /mnt/infini-data/test/BeyondMimic/reproduction/scripts/level_c_bounded_debug_diffusion_action_eval.py --device cpu --torch-threads 2	reproduction/scripts/level_c_bounded_debug_diffusion_action_eval.py	12474	1ccd9ef2afdd2479110696d4feca0cc2f27b458fc3c0117936e9f7bca2aafd80
77	python3 /mnt/infini-data/test/BeyondMimic/reproduction/scripts/run_level_c_resource_adjusted_tiny_diffusion_suite.py	reproduction/scripts/run_level_c_resource_adjusted_tiny_diffusion_suite.py	9021	f71bde58255e1d30e9de98c1b8a5ba5efbd2e0dc4cac48831de9f1156d224d62
78	/mnt/infini-data/test/BeyondMimic/envs/bm_diffusion/bin/python /mnt/infini-data/test/BeyondMimic/reproduction/scripts/level_c_resource_adjusted_tiny_diffusion_training_run.py --device cpu --torch-threads 2 --epochs 180	reproduction/scripts/level_c_resource_adjusted_tiny_diffusion_training_run.py	22593	c46a2bf36e0c5536e31db9d62e490a54fb42053e8c70382674dea294af872bef
79	/mnt/infini-data/test/BeyondMimic/envs/bm_diffusion/bin/python /mnt/infini-data/test/BeyondMimic/reproduction/scripts/level_c_resource_adjusted_tiny_diffusion_multiseed_audit.py --device cpu --torch-threads 2 --epochs 80	reproduction/scripts/level_c_resource_adjusted_tiny_diffusion_multiseed_audit.py	8472	ce38b4a577ed009fde1cc0954e9c3d256bab10b1b639ca9a492ea3dee2692001
80	/mnt/infini-data/test/BeyondMimic/envs/bm_diffusion/bin/python /mnt/infini-data/test/BeyondMimic/reproduction/scripts/level_c_resource_adjusted_tiny_diffusion_checkpoint_eval.py --device cpu --torch-threads 2	reproduction/scripts/level_c_resource_adjusted_tiny_diffusion_checkpoint_eval.py	8859	fd7aa33dc94c096936db3ca70f028511f1c0317071850608f2f6964aaf824258
81	/mnt/infini-data/test/BeyondMimic/envs/bm_diffusion/bin/python /mnt/infini-data/test/BeyondMimic/reproduction/scripts/level_c_resource_adjusted_tiny_diffusion_onnx_export_inference.py	reproduction/scripts/level_c_resource_adjusted_tiny_diffusion_onnx_export_inference.py	9633	fbae45ac0907313b97c5643e4efe8d6467edabd9e2cc372771a2cbe9bda554e1
82	/mnt/infini-data/test/BeyondMimic/envs/bm_diffusion/bin/python /mnt/infini-data/test/BeyondMimic/reproduction/scripts/level_c_resource_adjusted_tiny_diffusion_latency_audit.py	reproduction/scripts/level_c_resource_adjusted_tiny_diffusion_latency_audit.py	9133	018de01079fd29dc0277e2729b53ee4ab9a5c06c6e8728677586845d6d6a211f
83	/mnt/infini-data/test/BeyondMimic/envs/bm_diffusion/bin/python /mnt/infini-data/test/BeyondMimic/reproduction/scripts/level_c_resource_adjusted_tiny_diffusion_video_preview.py	reproduction/scripts/level_c_resource_adjusted_tiny_diffusion_video_preview.py	8989	e01af5bfe231822e24aff37c14f2db90fefba3216bb115c88aea7df729ba82b0
84	/mnt/infini-data/test/BeyondMimic/envs/bm_analysis/bin/python /mnt/infini-data/test/BeyondMimic/reproduction/scripts/level_c_resource_adjusted_teacher_rollout_vae_training.py	reproduction/scripts/level_c_resource_adjusted_teacher_rollout_vae_training.py	25528	0f78c83dc6d43a573690c05d2a042c90a037ab52ea86ea1ad85ff06756dfc87d
85	/mnt/infini-data/test/BeyondMimic/envs/bm_analysis/bin/python /mnt/infini-data/test/BeyondMimic/reproduction/scripts/level_c_resource_adjusted_teacher_rollout_state_latent_dataset.py	reproduction/scripts/level_c_resource_adjusted_teacher_rollout_state_latent_dataset.py	25933	302d721a98e480b06b078790b093f4352f1a3f8d4ed6292a16f332d7c296daa2
86	/mnt/infini-data/test/BeyondMimic/envs/bm_analysis/bin/python /mnt/infini-data/test/BeyondMimic/reproduction/scripts/level_c_resource_adjusted_state_latent_diffusion_training.py	reproduction/scripts/level_c_resource_adjusted_state_latent_diffusion_training.py	26999	a1dd0b29ef1595964d3fd69b0abd2aec6a83dd7f4a116ca6f0d12fbf3f1e6be0
87	/mnt/infini-data/test/BeyondMimic/envs/bm_analysis/bin/python /mnt/infini-data/test/BeyondMimic/reproduction/scripts/level_c_resource_adjusted_state_latent_guidance_eval.py	reproduction/scripts/level_c_resource_adjusted_state_latent_guidance_eval.py	28812	f141ddfa288d5905606fbb602b21611d8f06f983294433e7e6e1f768414be4ae
88	/mnt/infini-data/test/BeyondMimic/envs/bm_analysis/bin/python /mnt/infini-data/test/BeyondMimic/reproduction/scripts/official_importer_export_full_bundle_task_conditioned_guidance_success_boundary.py	reproduction/scripts/official_importer_export_full_bundle_task_conditioned_guidance_success_boundary.py	14811	b1a05293318a0cbe8d9bd78e5fa0f9b1f539cb0a855b8adfa92b45270dafe90f
89	/mnt/infini-data/test/BeyondMimic/envs/bm_analysis/bin/python /mnt/infini-data/test/BeyondMimic/reproduction/scripts/official_importer_export_scaled_ppo_checkpoint_completion_proxy.py	reproduction/scripts/official_importer_export_scaled_ppo_checkpoint_completion_proxy.py	13690	6f1a675d9b7d5da9ade5ff3edf32e091a1e3a7a85fa5f83a8c23b51f9f7d3de8
90	/mnt/infini-data/test/BeyondMimic/envs/bm_analysis/bin/python /mnt/infini-data/test/BeyondMimic/reproduction/scripts/tracking_g1_official_importer_export_scaled_ppo_checkpoint_sweep.py	reproduction/scripts/tracking_g1_official_importer_export_scaled_ppo_checkpoint_sweep.py	20006	ee6253b59702bf19054a1d78d5a3bc095cac3eb2091b5ac7ee0609a671c43436
91	/mnt/infini-data/test/BeyondMimic/envs/bm_analysis/bin/python /mnt/infini-data/test/BeyondMimic/reproduction/scripts/tracking_g1_official_importer_export_scaled_ppo_best_checkpoint_confirmation_eval.py	reproduction/scripts/tracking_g1_official_importer_export_scaled_ppo_best_checkpoint_confirmation_eval.py	16331	0d43324c87bb1f877c25d0acfe4989e971f2fc3019d6f0a726d1141abbbf07f3
92	/mnt/infini-data/test/BeyondMimic/envs/bm_analysis/bin/python /mnt/infini-data/test/BeyondMimic/reproduction/scripts/official_importer_export_scaled_ppo_reward_termination_diagnostic.py	reproduction/scripts/official_importer_export_scaled_ppo_reward_termination_diagnostic.py	12702	b4a270827fc4fc46abfffd074edcd2a96938ffed03da06659b2fd7e594a243f0
93	/mnt/infini-data/test/BeyondMimic/envs/bm_analysis/bin/python /mnt/infini-data/test/BeyondMimic/reproduction/scripts/official_importer_export_scaled_ppo_ee_body_pos_termination_source_audit.py	reproduction/scripts/official_importer_export_scaled_ppo_ee_body_pos_termination_source_audit.py	15110	4febea20f4490876be445656374c800430a940795ab29bdfa101aec1b1da468c
94	/mnt/infini-data/test/BeyondMimic/envs/bm_analysis/bin/python /mnt/infini-data/test/BeyondMimic/reproduction/scripts/tracking_g1_official_importer_export_scaled_ppo_endpoint_z_error_trace.py	reproduction/scripts/tracking_g1_official_importer_export_scaled_ppo_endpoint_z_error_trace.py	27686	af18ca30959415a07fa91b071f27d3927b47a9e169bca2855460656010cb2e45
95	/mnt/infini-data/test/BeyondMimic/envs/bm_analysis/bin/python /mnt/infini-data/test/BeyondMimic/reproduction/scripts/official_importer_export_motion_bundle_body_position_degeneracy_audit.py	reproduction/scripts/official_importer_export_motion_bundle_body_position_degeneracy_audit.py	17287	6d251e6513cbc9f6d9f12af647a42de1a443eba58d43c7461da3996b3fd3a9c8
96	/mnt/infini-data/test/BeyondMimic/envs/bm_analysis/bin/python /mnt/infini-data/test/BeyondMimic/reproduction/scripts/official_importer_export_fig5_fig6_task_protocol_proxy.py	reproduction/scripts/official_importer_export_fig5_fig6_task_protocol_proxy.py	27125	c6cb4706ff1a6ae4e8d1790f9d6d6e35d786ab119d2a2a72dae19729509c5f6b
97	/mnt/infini-data/test/BeyondMimic/envs/bm_analysis/bin/python /mnt/infini-data/test/BeyondMimic/reproduction/scripts/official_importer_export_scaled_ppo_fig5_fig6_task_protocol_proxy.py	reproduction/scripts/official_importer_export_scaled_ppo_fig5_fig6_task_protocol_proxy.py	336	e4b1651ffae4190fcf962bc07c545e1636ddb4dfee9ac358a2da22f19c2f9449
98	/mnt/infini-data/test/BeyondMimic/envs/bm_analysis/bin/python /mnt/infini-data/test/BeyondMimic/reproduction/scripts/official_importer_export_scaled_ppo_fig5_fig6_success_fall_collision_proxy.py	reproduction/scripts/official_importer_export_scaled_ppo_fig5_fig6_success_fall_collision_proxy.py	21420	e18771f9ee6b2ec4f3c9d654946b73ed01fce435268f4e31253403df56042c5d
99	/mnt/infini-data/test/BeyondMimic/envs/bm_diffusion/bin/python /mnt/infini-data/test/BeyondMimic/reproduction/scripts/level_c_official_importer_export_full_bundle_vae_denoiser_onnx_async_audit.py	reproduction/scripts/level_c_official_importer_export_full_bundle_vae_denoiser_onnx_async_audit.py	372	51becdec148c3963b59cf9c6d45dd1c68a55772d464b8e2b6bc9f5bd14d11715
100	/mnt/infini-data/test/BeyondMimic/envs/bm_diffusion/bin/python /mnt/infini-data/test/BeyondMimic/reproduction/scripts/level_c_official_importer_export_scaled_ppo_vae_denoiser_onnx_async_audit.py	reproduction/scripts/level_c_official_importer_export_scaled_ppo_vae_denoiser_onnx_async_audit.py	370	ce7d896e4d71e492df6487e2bf79e0b875334d090ab680d36034cf5e56aa02cc
101	/mnt/infini-data/test/BeyondMimic/envs/bm_diffusion/bin/python /mnt/infini-data/test/BeyondMimic/reproduction/scripts/train_lafan1_paper_level_vae_diffusion.py --device cuda:0 --max-motions 40 --max-frames-per-motion 420 --vae-epochs 24 --diffusion-epochs 1000 --diffusion-batch-size 512 --data-parallel	reproduction/scripts/train_lafan1_paper_level_vae_diffusion.py	42478	1e32a178f383fca3ab1ce6108eb169e6e3f31cf4e208e6dcfd69137987902470
102	/mnt/infini-data/test/BeyondMimic/envs/bm_diffusion/bin/python /mnt/infini-data/test/BeyondMimic/reproduction/scripts/level_c_lafan1_paper_arch_multiseed_audit.py	reproduction/scripts/level_c_lafan1_paper_arch_multiseed_audit.py	9847	9eece394fb2d91f136efb031688d8e4e45c9a96b2d129c18ce46a121f9c51a1c
103	/mnt/infini-data/test/BeyondMimic/envs/bm_diffusion/bin/python /mnt/infini-data/test/BeyondMimic/reproduction/scripts/level_c_lafan1_paper_arch_symmetry_dataset_audit.py	reproduction/scripts/level_c_lafan1_paper_arch_symmetry_dataset_audit.py	16267	a67877c2bd4224d076aa313cbb1f93d248627f947af96446a1826719a7971fab
107	/mnt/infini-data/test/BeyondMimic/envs/bm_diffusion/bin/python /mnt/infini-data/test/BeyondMimic/reproduction/scripts/level_c_lafan1_paper_arch_symmetry_multiseed_audit.py	reproduction/scripts/level_c_lafan1_paper_arch_symmetry_multiseed_audit.py	10726	d5715d82d0d4d8c1b297e16d0068747ff7d2f0e70e73f96521c1b19d34f33847
108	/mnt/infini-data/test/BeyondMimic/envs/bm_diffusion/bin/python /mnt/infini-data/test/BeyondMimic/reproduction/scripts/level_c_lafan1_paper_arch_high_memory_batch_audit.py --initial-batch-size 8192 --max-batch-size 32768 --target-memory-mb 20000	reproduction/scripts/level_c_lafan1_paper_arch_high_memory_batch_audit.py	15005	d883f539cbc1176c1010cdcec5b98f479a5fca47ade89b1fceb5c19274ff2a2c
109	/mnt/infini-data/test/BeyondMimic/envs/bm_diffusion/bin/python /mnt/infini-data/test/BeyondMimic/reproduction/scripts/level_c_lafan1_symmetry_training_comparison_audit.py	reproduction/scripts/level_c_lafan1_symmetry_training_comparison_audit.py	9416	f7b227f312b0b574ea9c22c2d954404b2949abf52d4770070cb689f97cd30dec
110	/mnt/infini-data/test/BeyondMimic/envs/bm_diffusion/bin/python /mnt/infini-data/test/BeyondMimic/reproduction/scripts/level_c_lafan1_paper_arch_onnx_latency_audit.py	reproduction/scripts/level_c_lafan1_paper_arch_onnx_latency_audit.py	18262	502d19d997317714957d026a4ff54405c8fd549aaf0a5e4bd3d7ea386f813866
112	/mnt/infini-data/test/BeyondMimic/envs/bm_diffusion/bin/python /mnt/infini-data/test/BeyondMimic/reproduction/scripts/level_c_lafan1_paper_arch_offline_metrics_audit.py	reproduction/scripts/level_c_lafan1_paper_arch_offline_metrics_audit.py	16735	24006124c835ed78fd0245bee199418f34eed1ae1e23f728a22d1e68592f199b
114	/mnt/infini-data/test/BeyondMimic/envs/bm_diffusion/bin/python /mnt/infini-data/test/BeyondMimic/reproduction/scripts/level_c_lafan1_paper_arch_guidance_eval.py	reproduction/scripts/level_c_lafan1_paper_arch_guidance_eval.py	18117	6be286fde921c61c2038418e4e477a49569fe4dbcf0a4549fab8bef7299c2eed
117	/mnt/infini-data/test/BeyondMimic/envs/bm_diffusion/bin/python /mnt/infini-data/test/BeyondMimic/reproduction/scripts/level_c_lafan1_paper_arch_reverse_guidance_audit.py	reproduction/scripts/level_c_lafan1_paper_arch_reverse_guidance_audit.py	20699	9ecc6a8591a4bcc178c655076d0ef495500bd478148885bf62e5429a00d2cf22
119	/mnt/infini-data/test/BeyondMimic/envs/bm_diffusion/bin/python /mnt/infini-data/test/BeyondMimic/reproduction/scripts/level_c_lafan1_paper_arch_reverse_guidance_full_split_audit.py --output-dir /mnt/infini-data/test/BeyondMimic/res/level_c/lafan1_paper_arch_symmetry_augmented_reverse_guidance_full_split --splits validation,test --max-windows-per-split -1 --batch-size 660 --target-memory-mb 10000	reproduction/scripts/level_c_lafan1_paper_arch_reverse_guidance_full_split_audit.py	25152	358ef835c036a9c5e3705515920fb8fad623a269d3065f3f91ff77e910aba556
120	python3 /mnt/infini-data/test/BeyondMimic/reproduction/scripts/level_c_single_batch_overfit_probe.py	reproduction/scripts/level_c_single_batch_overfit_probe.py	8835	f886b5af5ec397726ba9c9d2bc33e06c6e39abe564ea33f5fa707960a3148439
121	python3 /mnt/infini-data/test/BeyondMimic/reproduction/scripts/level_c_single_motion_overfit_probe.py	reproduction/scripts/level_c_single_motion_overfit_probe.py	10122	a596ee97d0ed6e8062b1ad6159fc750c82c90ca3a413490efe13020bfcc3d7df
122	python3 /mnt/infini-data/test/BeyondMimic/reproduction/scripts/level_c_small_dataset_overfit_probe.py	reproduction/scripts/level_c_small_dataset_overfit_probe.py	11293	3745e30e374608a7bff0d18d991e9b1b1a5460a193a2c3da23e98594ce03e963
123	python3 /mnt/infini-data/test/BeyondMimic/reproduction/scripts/build_level_c_small_dataset_split_manifest.py	reproduction/scripts/build_level_c_small_dataset_split_manifest.py	9369	92b25be6a11bc8d310f500704394e3cb9ab307e8fdb102a94d192e31cc748cc1
124	python3 /mnt/infini-data/test/BeyondMimic/reproduction/scripts/level_c_small_dataset_multiseed_audit.py	reproduction/scripts/level_c_small_dataset_multiseed_audit.py	6410	efc2a8ecb33ae910920a27bb0581350fba84a067299d6af0e0f8ab63ef6c97e4
125	python3 /mnt/infini-data/test/BeyondMimic/reproduction/scripts/level_c_small_dataset_heldout_eval.py	reproduction/scripts/level_c_small_dataset_heldout_eval.py	8307	2d23d67b56d85017208de764f03cf16556478a93c4e0854a1afafc97c7b2d502
126	python3 /mnt/infini-data/test/BeyondMimic/reproduction/scripts/level_c_small_dataset_heldout_multiseed_audit.py	reproduction/scripts/level_c_small_dataset_heldout_multiseed_audit.py	9515	cb5b5effe26b837b52b57e694489d03f95361be92003f4f5a89273ffd7b9a20e
127	/mnt/infini-data/test/BeyondMimic/envs/bm_tracking/bin/python /mnt/infini-data/test/BeyondMimic/reproduction/scripts/level_c_vae_checkpoint_smoke.py --device cpu	reproduction/scripts/level_c_vae_checkpoint_smoke.py	8893	c45f4802c3b95cb3457d2f44027b89913d49356f8fb747f9b94edf4a13700175
128	/mnt/infini-data/test/BeyondMimic/envs/bm_tracking/bin/python /mnt/infini-data/test/BeyondMimic/reproduction/scripts/level_c_vae_debug_overfit_latent_artifact.py --device cpu	reproduction/scripts/level_c_vae_debug_overfit_latent_artifact.py	17655	1026a90b4e59a09c43a87eb540d523a83ce37aa59d0f6357e25f829b50d45a23
129	/mnt/infini-data/test/BeyondMimic/envs/bm_tracking/bin/python /mnt/infini-data/test/BeyondMimic/reproduction/scripts/level_c_vae_motion_split_heldout_eval.py --device cpu	reproduction/scripts/level_c_vae_motion_split_heldout_eval.py	13639	31ac749dbb8435cf1fdb5cd11cfc18686ea4d1405c4a4f560f476319ddd30d1c
130	/mnt/infini-data/test/BeyondMimic/envs/bm_tracking/bin/python /mnt/infini-data/test/BeyondMimic/reproduction/scripts/level_c_vae_receding_horizon_rollout_smoke.py	reproduction/scripts/level_c_vae_receding_horizon_rollout_smoke.py	10721	519877e46ac89e9e0590f72c1961b1797e6896f6557dc85236f4cbd17fdd21a9
131	python3 /mnt/infini-data/test/BeyondMimic/reproduction/scripts/level_c_diffusion_to_vae_action_smoke.py	reproduction/scripts/level_c_diffusion_to_vae_action_smoke.py	12452	6d6cd9683125308406e9526ac948bf7ca374c00310c60be490eb82a538731ee1
132	python3 /mnt/infini-data/test/BeyondMimic/reproduction/scripts/level_c_diffusion_to_vae_action_multiseed_audit.py	reproduction/scripts/level_c_diffusion_to_vae_action_multiseed_audit.py	12907	07ff39c28c01e341fb6c39bbe26e76579fb6dde7965f8e8e0b338cbaeef1e551
133	python3 /mnt/infini-data/test/BeyondMimic/reproduction/scripts/level_c_diffusion_to_vae_action_smoothness_audit.py	reproduction/scripts/level_c_diffusion_to_vae_action_smoothness_audit.py	11499	4e66af333d0b4df9010a2e6fdf4e39659bcfaf93c3c8f8a17fceb09e43631b80
134	python3 /mnt/infini-data/test/BeyondMimic/reproduction/scripts/level_c_direct_vs_latent_action_ablation_audit.py	reproduction/scripts/level_c_direct_vs_latent_action_ablation_audit.py	14105	cb8603d69df4a8707263325330e4d20b12043a9fc9b9636659295bb794d7052a
135	python3 /mnt/infini-data/test/BeyondMimic/reproduction/scripts/level_c_vae_contract_audit.py	reproduction/scripts/level_c_vae_contract_audit.py	10363	51024f056e8e5c8be0162ddcde16a8c602bf041777d660ad1c1b93c36b36d0ab
136	python3 /mnt/infini-data/test/BeyondMimic/reproduction/scripts/run_level_c_dagger_vae_pipeline_audit.py	reproduction/scripts/run_level_c_dagger_vae_pipeline_audit.py	12252	15b83e5b5456ae22f2a50abffb3c6f5f69ad744a4ac72a3f92487ecf22516d7d
137	python3 /mnt/infini-data/test/BeyondMimic/reproduction/scripts/level_c_vae_latent_probe.py	reproduction/scripts/level_c_vae_latent_probe.py	11248	f972d6cb0b93aeb11d29559195bfa02546b8b53c2f74726053cabbe7e69e5868
138	python3 /mnt/infini-data/test/BeyondMimic/reproduction/scripts/level_c_symmetry_mapping_audit.py	reproduction/scripts/level_c_symmetry_mapping_audit.py	10372	73e3a2769d6e4e582c05ec02dba91e5c40c6bcdd33e45706f6a9c0177e11bc55
139	/mnt/infini-data/test/BeyondMimic/envs/bm_tracking/bin/python /mnt/infini-data/test/BeyondMimic/reproduction/scripts/level_c_guidance_task_scale_sweep.py	reproduction/scripts/level_c_guidance_task_scale_sweep.py	7420	52b0f80de0cd4d1e12b432b413b0f65a9d6729dcfda552e51b8178130359062c
140	/mnt/infini-data/test/BeyondMimic/envs/bm_analysis/bin/python /mnt/infini-data/test/BeyondMimic/reproduction/scripts/level_c_guidance_debug_visualization.py	reproduction/scripts/level_c_guidance_debug_visualization.py	17679	9b617e0aa20696cab33976a11329acc8ed91c159580999a5f16fd50ca4f4fedd
141	python3 /mnt/infini-data/test/BeyondMimic/reproduction/scripts/level_c_guidance_task_metric_audit.py	reproduction/scripts/level_c_guidance_task_metric_audit.py	9345	9f960276d636fb215685099eb4c97ce199c7103ce665b04068aa7e8c5c3af65b
142	/mnt/infini-data/test/BeyondMimic/envs/bm_analysis/bin/python /mnt/infini-data/test/BeyondMimic/reproduction/scripts/level_c_guidance_full_split_result_table.py	reproduction/scripts/level_c_guidance_full_split_result_table.py	10391	0f33deeb00a8ac2b15b687355f758e9fb11056ee5bab4619a4ac691810e39b1d
143	/mnt/infini-data/test/BeyondMimic/envs/bm_analysis/bin/python /mnt/infini-data/test/BeyondMimic/reproduction/scripts/level_c_guidance_checkpoint_visualization.py	reproduction/scripts/level_c_guidance_checkpoint_visualization.py	12932	206bd99b805404b9e7b91565d7bece7529b075b1c2e212b2860812789ef6173d
144	python3 /mnt/infini-data/test/BeyondMimic/reproduction/scripts/level_c_guidance_visual_deliverables_audit.py	reproduction/scripts/level_c_guidance_visual_deliverables_audit.py	8601	33761ad64a82b706617cce552835ff43a8c64ac33fa82aad8c1c1240fa630b76
145	python3 /mnt/infini-data/test/BeyondMimic/reproduction/scripts/level_c_guidance_cost_coverage_audit.py	reproduction/scripts/level_c_guidance_cost_coverage_audit.py	13677	24ca89eb54ae7e5596d89dbff5fd48b454c16cf1c8f4d94ca259a151cf441bf3
146	python3 /mnt/infini-data/test/BeyondMimic/reproduction/scripts/run_level_c_debug_suite.py	reproduction/scripts/run_level_c_debug_suite.py	9705	ca01098f266732d7fed7e4636b7e8437afd83b7ef8d549a844407765499a8ac2
147	python3 /mnt/infini-data/test/BeyondMimic/reproduction/scripts/run_level_c_extended_debug_suite.py	reproduction/scripts/run_level_c_extended_debug_suite.py	9661	ffc8317371994979260ce1c592d387e41fbfbcb744bf9df1d2e1a8b7d56a82d9
148	python3 /mnt/infini-data/test/BeyondMimic/reproduction/tests/test_core_math.py	reproduction/tests/test_core_math.py	20608	d31c90903872e84b738492e04b249cf05f7dae6040e657a445f458ca5bc1a83a
149	python3 /mnt/infini-data/test/BeyondMimic/reproduction/scripts/reimpl_package_audit.py	reproduction/scripts/reimpl_package_audit.py	4657	37d080bcece6bf66c22fc206e7e83242d7335c05ef4591230cfd6a1f14176516
150	python3 /mnt/infini-data/test/BeyondMimic/reproduction/scripts/reimpl_runtime_integration_audit.py	reproduction/scripts/reimpl_runtime_integration_audit.py	11309	ad091ad0eeba8f0df0659e55eb609413fcf832efb533406e4d9f3c8994a9ac6c
151	python3 /mnt/infini-data/test/BeyondMimic/reproduction/scripts/level_c_timestep_mask_coverage_audit.py	reproduction/scripts/level_c_timestep_mask_coverage_audit.py	11750	2af31995984569ee16ac4323ca03265f7e46fd6155fccab5ea4b2b9235f9cbe4
152	python3 /mnt/infini-data/test/BeyondMimic/reproduction/scripts/level_c_paper_state_mask_reverse_probe.py	reproduction/scripts/level_c_paper_state_mask_reverse_probe.py	14589	b0cf7b24af5502023d12ffb148a40203d33a5918adfedb93f9aadf92dcdd4ce1
153	python3 /mnt/infini-data/test/BeyondMimic/reproduction/scripts/level_c_smoothness_latency_audit.py	reproduction/scripts/level_c_smoothness_latency_audit.py	9600	41cb98f19525b0cb2d21617acb19c5f89480f56f1342a9693f16884ecee5a454
154	python3 /mnt/infini-data/test/BeyondMimic/reproduction/scripts/level_c_deployment_protocol_audit.py	reproduction/scripts/level_c_deployment_protocol_audit.py	12660	805942e9f3173a1c8844ed4c56d46024042395c3220b8dae9080c6f2f16bb30a
155	python3 /mnt/infini-data/test/BeyondMimic/reproduction/scripts/tracking_smoke_rerun_audit.py	reproduction/scripts/tracking_smoke_rerun_audit.py	5508	2ab948ea00b490e854ca4410f1498da23430f342ab790d6e3b42cd289be0f254
156	python3 /mnt/infini-data/test/BeyondMimic/reproduction/scripts/tracking_official_train_entry_retry_audit.py	reproduction/scripts/tracking_official_train_entry_retry_audit.py	10854	9f1b29d103105f8ed8105973afe170ca023cd077c88897f7a75fcef4c985c548
157	python3 /mnt/infini-data/test/BeyondMimic/reproduction/scripts/kit_inotify_budget_audit.py	reproduction/scripts/kit_inotify_budget_audit.py	9160	af6d52c9c86913db89cd1c789c69486c6debae732fe3d4ef50ef75c8ef41056a
158	python3 /mnt/infini-data/test/BeyondMimic/reproduction/scripts/inotify_live_usage_audit.py	reproduction/scripts/inotify_live_usage_audit.py	8677	63ae178bdee994cf0b74aaa337906f8d38e9b35b0688d66f5c5db96aaa2fd6e1
159	python3 /mnt/infini-data/test/BeyondMimic/reproduction/scripts/vulkan_runtime_probe.py	reproduction/scripts/vulkan_runtime_probe.py	11410	3094bb3c8a3fd927514da55d60363b2e1b57ec24efb97875be51a8574b1cbb53
160	python3 /mnt/infini-data/test/BeyondMimic/reproduction/scripts/cuda_p2p_runtime_probe.py	reproduction/scripts/cuda_p2p_runtime_probe.py	5538	02be6f55c4c5a23fda09cf84e39bc4843ecef9e9a014928706d5ce095deac895
161	python3 /mnt/infini-data/test/BeyondMimic/reproduction/scripts/isaaclab_live_gate_probe.py	reproduction/scripts/isaaclab_live_gate_probe.py	22441	b4825d158734676dbe722df8250608e9e9ed58cd5c5e61e230ee0bd93a4d74f9
162	python3 /mnt/infini-data/test/BeyondMimic/reproduction/scripts/isaaclab_gpu_foundation_settings_audit.py	reproduction/scripts/isaaclab_gpu_foundation_settings_audit.py	6440	2d8148f5d2680c064f1bf8d3089f02dfdebc8c397943d1cf7490ac83b4908049
163	python3 /mnt/infini-data/test/BeyondMimic/reproduction/scripts/vscode_watcher_exclude_audit.py	reproduction/scripts/vscode_watcher_exclude_audit.py	4555	3b569524ec5e6eede0f63e1f31c1146f932c509d5ae60744fd8196fe61bb41a6
164	python3 /mnt/infini-data/test/BeyondMimic/reproduction/scripts/kit_watcher_config_surface_audit.py	reproduction/scripts/kit_watcher_config_surface_audit.py	8840	3de437737ac8194348a41cf8d0b323fd20164c0a44720401762b81a501913fb8
165	python3 /mnt/infini-data/test/BeyondMimic/reproduction/scripts/tracking_import_gate_audit.py	reproduction/scripts/tracking_import_gate_audit.py	8917	246fb3a296848d31afd3f8630025b8ccbe7c90397a33835a0f5a0a2c6e2973c6
166	python3 /mnt/infini-data/test/BeyondMimic/reproduction/scripts/tracking_extension_namespace_probe.py	reproduction/scripts/tracking_extension_namespace_probe.py	7896	ef96daf8ebc568d6e7382eb736810c626543dec587e63c349282305e712d578d
167	python3 /mnt/infini-data/test/BeyondMimic/reproduction/scripts/tracking_official_source_contract_audit.py	reproduction/scripts/tracking_official_source_contract_audit.py	18845	db3fdf7b62f58743b6d9b43b8678a3713421c9d58b40009e8025657a974c7d7a
168	python3 /mnt/infini-data/test/BeyondMimic/reproduction/scripts/tracking_g1_action_scale_audit.py	reproduction/scripts/tracking_g1_action_scale_audit.py	11085	ee916af7914fb10a8a16792910c82cb684579d92779ee0b736714608b0b2e354
169	python3 /mnt/infini-data/test/BeyondMimic/reproduction/scripts/tracking_reward_formula_audit.py	reproduction/scripts/tracking_reward_formula_audit.py	11173	9bd4f1ee8607d60a221ac18a02f35e0348edcbbb580d55a13998a0c805b3cb41
170	python3 /mnt/infini-data/test/BeyondMimic/reproduction/scripts/tracking_observation_action_schema_audit.py	reproduction/scripts/tracking_observation_action_schema_audit.py	11245	5f91b5d81c5e04b43a2420f1d27d29908afaeb0baadfcb721822de30da3fbdde
171	python3 /mnt/infini-data/test/BeyondMimic/reproduction/scripts/tracking_randomization_termination_audit.py	reproduction/scripts/tracking_randomization_termination_audit.py	13276	9c77c4714b32aa591c47f8a2cda7fcb1722b4abc62c988f8cecd3466010df961
172	python3 /mnt/infini-data/test/BeyondMimic/reproduction/scripts/run_level_b_tracking_nonkit_suite.py	reproduction/scripts/run_level_b_tracking_nonkit_suite.py	10914	e5162270abe5f5fd31061768caf6ed6fadce560f919f9f3d166442d941ad3238
173	python3 /mnt/infini-data/test/BeyondMimic/reproduction/scripts/adaptive_sampling_discrepancy_audit.py	reproduction/scripts/adaptive_sampling_discrepancy_audit.py	11682	1f1efa0efbc5f2cf37380193227610fc270f174cb082a1cd5a1c15142729a59e
174	python3 /mnt/infini-data/test/BeyondMimic/reproduction/scripts/motion_preprocessing_contract_audit.py	reproduction/scripts/motion_preprocessing_contract_audit.py	14568	33c852d9b5c21c00d02dbb9f8ee8e26402721036f2068b83bf2b5e9a989b3a8f
175	python3 /mnt/infini-data/test/BeyondMimic/reproduction/scripts/tracking_local_smoke_preflight.py	reproduction/scripts/tracking_local_smoke_preflight.py	6295	52b8cbe7bca69ba82e4d67284f8dcd00e9285ee02669b962de2434cd50230729
176	python3 /mnt/infini-data/test/BeyondMimic/reproduction/scripts/build_tracking_motion_npz_fixture.py	reproduction/scripts/build_tracking_motion_npz_fixture.py	12504	720c5a411fbcdf13c5ff7143da9c22d186685d1c02352bce21f11e7a853d834a
177	/mnt/infini-data/test/BeyondMimic/envs/bm_analysis/bin/python /mnt/infini-data/test/BeyondMimic/reproduction/scripts/tracking_official_replay_conversion_audit.py	reproduction/scripts/tracking_official_replay_conversion_audit.py	35749	46a770324a63e362aa36070a02512a2b1b12621b12b50dc2a4edb552e242d428
178	/mnt/infini-data/test/BeyondMimic/envs/bm_analysis/bin/python /mnt/infini-data/test/BeyondMimic/reproduction/scripts/tracking_official_replay_npz_entry_diagnostic_audit.py	reproduction/scripts/tracking_official_replay_npz_entry_diagnostic_audit.py	16772	a190bfeed3aba7c0ddba7cdcc028b3a5e4dd81855f70b3bfc2656f06513338e7
179	/mnt/infini-data/test/BeyondMimic/envs/bm_analysis/bin/python /mnt/infini-data/test/BeyondMimic/reproduction/scripts/tracking_official_csv_to_npz_loop_with_enriched_usd_audit.py	reproduction/scripts/tracking_official_csv_to_npz_loop_with_enriched_usd_audit.py	32729	64901126cf233d760769358b3e564682380588494ac1a46c6ef827255d810509
180	/mnt/infini-data/test/BeyondMimic/envs/bm_analysis/bin/python /mnt/infini-data/test/BeyondMimic/reproduction/scripts/tracking_official_replay_npz_loop_with_enriched_usd_audit.py	reproduction/scripts/tracking_official_replay_npz_loop_with_enriched_usd_audit.py	28520	e4d72a5f392875d48b62bfadb74970ba9c0d3fe37de42d8d4b94b39e780bca9d
181	/mnt/infini-data/test/BeyondMimic/envs/bm_tracking/bin/python /mnt/infini-data/test/BeyondMimic/reproduction/scripts/tracking_urdf_conversion_probe.py	reproduction/scripts/tracking_urdf_conversion_probe.py	9175	63e6da1b6d44c5b495afb3c98a3059211693e84bbbf3da02455a8cb72e7c548a
182	/mnt/infini-data/test/BeyondMimic/envs/bm_tracking/bin/python /mnt/infini-data/test/BeyondMimic/reproduction/scripts/tracking_urdf_path_tiny_probe.py	reproduction/scripts/tracking_urdf_path_tiny_probe.py	16626	aa9564d1352b5c78814b3bcbc4d117eef68624d35c154ab87f211b41e6c0987b
183	/mnt/infini-data/test/BeyondMimic/envs/bm_tracking/bin/python /mnt/infini-data/test/BeyondMimic/reproduction/scripts/tracking_mjcf_stage_probe.py	reproduction/scripts/tracking_mjcf_stage_probe.py	13497	f89839ecfdecf3480827471304a2112d9cec23755685cbdba14bc9161121a741
184	/mnt/infini-data/test/BeyondMimic/envs/bm_analysis/bin/python /mnt/infini-data/test/BeyondMimic/reproduction/scripts/tracking_usd_save_policy_probe.py	reproduction/scripts/tracking_usd_save_policy_probe.py	13143	49e7d89e9c22349461752947317d2cedcb0c55ada7e18a75b901421f2eecc38c
185	/mnt/infini-data/test/BeyondMimic/envs/bm_analysis/bin/python /mnt/infini-data/test/BeyondMimic/reproduction/scripts/tracking_simulationapp_save_policy_probe.py	reproduction/scripts/tracking_simulationapp_save_policy_probe.py	13146	0d6dd01b7ceeccee8c14b8cd3e1d23894eea08bca6a5650200e37d134a916262
186	/mnt/infini-data/test/BeyondMimic/envs/bm_analysis/bin/python /mnt/infini-data/test/BeyondMimic/reproduction/scripts/tracking_usd_api_variant_probe.py	reproduction/scripts/tracking_usd_api_variant_probe.py	12592	75750308014d3712bbd3d9dad7a64f6f1bedae4176e6ce93ad649a9e25faba1a
187	/mnt/infini-data/test/BeyondMimic/envs/bm_analysis/bin/python /mnt/infini-data/test/BeyondMimic/reproduction/scripts/tracking_g1_urdf_stage_export_workaround_probe.py	reproduction/scripts/tracking_g1_urdf_stage_export_workaround_probe.py	14057	bdc2b6481a02273b2508a27f9ffb050fc62b1cf743cdf804c8fb697cbfdc0cc4
188	/mnt/infini-data/test/BeyondMimic/envs/bm_analysis/bin/python /mnt/infini-data/test/BeyondMimic/reproduction/scripts/tracking_g1_urdf_layer_save_workaround_probe.py	reproduction/scripts/tracking_g1_urdf_layer_save_workaround_probe.py	19484	14da0cd9048ab2f259887a6ae5f2ea83c6876c97ba10c1a07f39ffdccec2a85d
189	/mnt/infini-data/test/BeyondMimic/envs/bm_analysis/bin/python /mnt/infini-data/test/BeyondMimic/reproduction/scripts/tracking_g1_urdf_in_memory_import_probe.py	reproduction/scripts/tracking_g1_urdf_in_memory_import_probe.py	14642	ff7372143bea4c73b0250faf33fe5bc5f4ca787c73ce6a88a25de7b185f5051d
190	/mnt/infini-data/test/BeyondMimic/envs/bm_analysis/bin/python /mnt/infini-data/test/BeyondMimic/reproduction/scripts/tracking_g1_urdf_simulationapp_in_memory_import_probe.py	reproduction/scripts/tracking_g1_urdf_simulationapp_in_memory_import_probe.py	16262	4239b15e2346bc442f261f173f6c552274d0de88353bddb4e512ddf376b9104b
191	/mnt/infini-data/test/BeyondMimic/envs/bm_analysis/bin/python /mnt/infini-data/test/BeyondMimic/reproduction/scripts/tracking_g1_urdf_in_memory_variant_matrix_probe.py	reproduction/scripts/tracking_g1_urdf_in_memory_variant_matrix_probe.py	19149	43e72db31342c4539e7dc36d7fae740a6a1ff8c3f3da09b2972201f64de21f47
192	/mnt/infini-data/test/BeyondMimic/envs/bm_analysis/bin/python /mnt/infini-data/test/BeyondMimic/reproduction/scripts/tracking_g1_preconverted_asset_audit.py	reproduction/scripts/tracking_g1_preconverted_asset_audit.py	17592	944cb0a3a255341fd070c2cb8dc482ad8f2bfa4bca6cfccbfb980127049c2197
193	/mnt/infini-data/test/BeyondMimic/envs/bm_analysis/bin/python /mnt/infini-data/test/BeyondMimic/reproduction/scripts/tracking_g1_reference_usd_compatibility_audit.py	reproduction/scripts/tracking_g1_reference_usd_compatibility_audit.py	15100	36300af73800922817c184d66399a6cfe70be3e69406775425295a877a141fb0
194	/mnt/infini-data/test/BeyondMimic/envs/bm_analysis/bin/python /mnt/infini-data/test/BeyondMimic/reproduction/scripts/tracking_g1_official_urdf_skeleton_usd_audit.py	reproduction/scripts/tracking_g1_official_urdf_skeleton_usd_audit.py	16685	8c58312d905a48686b9ef10e294cdc42487de2dcb29c2a4bf70bb7d90049775f
195	/mnt/infini-data/test/BeyondMimic/envs/bm_analysis/bin/python /mnt/infini-data/test/BeyondMimic/reproduction/scripts/tracking_g1_urdf_physical_asset_contract_audit.py	reproduction/scripts/tracking_g1_urdf_physical_asset_contract_audit.py	15913	c127569dcb6d87f14943e64e5db0f27ac59404b730ba9601cdbd959954237576
196	/mnt/infini-data/test/BeyondMimic/envs/bm_analysis/bin/python /mnt/infini-data/test/BeyondMimic/reproduction/scripts/tracking_g1_resource_adjusted_enriched_usd_probe.py	reproduction/scripts/tracking_g1_resource_adjusted_enriched_usd_probe.py	26160	1c0b1506283fd0a794b84ec682781e3cf8d4eac4e0a25c3027e17685937509ef
197	python3 /mnt/infini-data/test/BeyondMimic/reproduction/scripts/mujoco_ros_launch_contract_audit.py	reproduction/scripts/mujoco_ros_launch_contract_audit.py	13828	fb639f5a3f815b95cb926b7544f4f3d0868c58936704d9c22e51f443a2e84935
198	python3 /mnt/infini-data/test/BeyondMimic/reproduction/scripts/tracking_deployment_controller_semantics_audit.py	reproduction/scripts/tracking_deployment_controller_semantics_audit.py	19901	fc3a35ddb3c228eed908f4449558d91bf8eceecf63afec3a8ddc2ccdca2eb4cc
199	python3 /mnt/infini-data/test/BeyondMimic/reproduction/scripts/tracking_onnx_export_contract_audit.py	reproduction/scripts/tracking_onnx_export_contract_audit.py	10296	8e53705fe4e099769cde4f779f1dd6ad5d560872945d1456b095cc837cc89d55
200	python3 /mnt/infini-data/test/BeyondMimic/reproduction/scripts/tracking_motion_policy_onnx_contract_fixture.py	reproduction/scripts/tracking_motion_policy_onnx_contract_fixture.py	14276	9c517aab48d725c7f92fb0cdf13579a6ad964b363f56566166630b7a2be4f2d0
201	/mnt/infini-data/test/BeyondMimic/envs/bm_diffusion/bin/python /mnt/infini-data/test/BeyondMimic/reproduction/scripts/tracking_debug_motion_policy_onnx_export.py	reproduction/scripts/tracking_debug_motion_policy_onnx_export.py	9538	c2692cb9f08a0a85939aadd02da2cdd097cb52082fef52e16867b019d6413e36
202	/mnt/infini-data/test/BeyondMimic/envs/bm_diffusion/bin/python /mnt/infini-data/test/BeyondMimic/reproduction/scripts/tracking_debug_motion_policy_onnx_inference_audit.py	reproduction/scripts/tracking_debug_motion_policy_onnx_inference_audit.py	5982	fbe512499f58dc6f6ad336b377e48e7b26d5e6ca01239812800381f9c8317d40
203	python3 /mnt/infini-data/test/BeyondMimic/reproduction/scripts/goal_traceability_audit.py	reproduction/scripts/goal_traceability_audit.py	17823	888741fc5c8ff5b67c8ee41197b0a9332b6f256f05d4fa8cae5042c590b1cd77
204	python3 /mnt/infini-data/test/BeyondMimic/reproduction/scripts/goal_directive_index_audit.py	reproduction/scripts/goal_directive_index_audit.py	8266	c098484e4de94c262aff0c6288c72822fd157b1b14843fd2fd3a45bf3eb4fa30
205	python3 /mnt/infini-data/test/BeyondMimic/reproduction/scripts/goal_requirement_matrix_audit.py	reproduction/scripts/goal_requirement_matrix_audit.py	25506	2bbe0d7a683c161dea9c2a9539d5d84dc9300f1ab053b45736144c42c1d47669
206	python3 /mnt/infini-data/test/BeyondMimic/reproduction/scripts/final_reproduction_report.py	reproduction/scripts/final_reproduction_report.py	724173	260b63116c68893e79cf7871cc9bc2efb12d073fbf8daeb10e21e2b3cfb5e39d
