iteration	checkpoint	status	selected_physical_gpus	duration_seconds	num_envs	eval_steps	total_env_steps	loaded_iteration	reward_mean	done_count_total	timeout_count_total	local_non_timeout_done_rate	error_anchor_pos_mean	error_body_pos_mean	error_joint_pos_mean	error_anchor_lin_vel_mean	error_body_lin_vel_mean	error_joint_vel_mean	uses_official_importer_export_usd	uses_resource_adjusted_usd	motion_count	total_motion_frames	json	metrics_json	timeseries_csv	gpu_metrics_csv	log
0	/mnt/infini-data/test/BeyondMimic/res/runs/tracking_g1_official_importer_export_full_bundle_scaled_ppo_training/resource_adjusted_ppo_20260620_183959_seed20260696/rank_0/model_0.pt	ok_official_importer_export_full_bundle_scaled_ppo_checkpoint_eval_completed	[4, 7]	41.171	256	299	76544	0	0.022788861255631798	76544	0	1.0	0.059551948052285905	0.6452447620522617	0.9208521964557992	0.4443152433255046	0.526597809731761	0.0	True	False	40	11960	/mnt/infini-data/test/BeyondMimic/res/tracking/g1_official_importer_export_full_bundle_scaled_ppo_checkpoint_sweep/iter_0000/tracking_g1_official_importer_export_scaled_ppo_checkpoint_eval_iter_0000.json	/mnt/infini-data/test/BeyondMimic/res/runs/tracking_g1_official_importer_export_full_bundle_scaled_ppo_checkpoint_sweep/iter_0000/resource_adjusted_ppo_eval_20260621_011214_seed20260730/eval_metrics.json	/mnt/infini-data/test/BeyondMimic/res/runs/tracking_g1_official_importer_export_full_bundle_scaled_ppo_checkpoint_sweep/iter_0000/resource_adjusted_ppo_eval_20260621_011214_seed20260730/eval_timeseries.csv	/mnt/infini-data/test/BeyondMimic/res/runs/tracking_g1_official_importer_export_full_bundle_scaled_ppo_checkpoint_sweep/iter_0000/resource_adjusted_ppo_eval_20260621_011214_seed20260730/gpu_metrics.csv	/mnt/infini-data/test/BeyondMimic/logs/tracking_g1_official_importer_export_full_bundle_scaled_ppo_checkpoint_sweep/tracking_g1_resource_adjusted_ppo_checkpoint_eval.log
50	/mnt/infini-data/test/BeyondMimic/res/runs/tracking_g1_official_importer_export_full_bundle_scaled_ppo_training/resource_adjusted_ppo_20260620_183959_seed20260696/rank_0/model_50.pt	ok_official_importer_export_full_bundle_scaled_ppo_checkpoint_eval_completed	[4, 7]	41.202	256	299	76544	50	0.02326325099155257	76544	0	1.0	0.059551948052285905	0.6452447620522617	0.9208521964557992	0.4443152433255046	0.526597809731761	0.0	True	False	40	11960	/mnt/infini-data/test/BeyondMimic/res/tracking/g1_official_importer_export_full_bundle_scaled_ppo_checkpoint_sweep/iter_0050/tracking_g1_official_importer_export_scaled_ppo_checkpoint_eval_iter_0050.json	/mnt/infini-data/test/BeyondMimic/res/runs/tracking_g1_official_importer_export_full_bundle_scaled_ppo_checkpoint_sweep/iter_0050/resource_adjusted_ppo_eval_20260621_011255_seed20260730/eval_metrics.json	/mnt/infini-data/test/BeyondMimic/res/runs/tracking_g1_official_importer_export_full_bundle_scaled_ppo_checkpoint_sweep/iter_0050/resource_adjusted_ppo_eval_20260621_011255_seed20260730/eval_timeseries.csv	/mnt/infini-data/test/BeyondMimic/res/runs/tracking_g1_official_importer_export_full_bundle_scaled_ppo_checkpoint_sweep/iter_0050/resource_adjusted_ppo_eval_20260621_011255_seed20260730/gpu_metrics.csv	/mnt/infini-data/test/BeyondMimic/logs/tracking_g1_official_importer_export_full_bundle_scaled_ppo_checkpoint_sweep/tracking_g1_resource_adjusted_ppo_checkpoint_eval.log
100	/mnt/infini-data/test/BeyondMimic/res/runs/tracking_g1_official_importer_export_full_bundle_scaled_ppo_training/resource_adjusted_ppo_20260620_183959_seed20260696/rank_0/model_100.pt	ok_official_importer_export_full_bundle_scaled_ppo_checkpoint_eval_completed	[4, 7]	41.49	256	299	76544	100	0.02326151314985792	76544	0	1.0	0.059551948052285905	0.6452447620522617	0.9208521964557992	0.4443152433255046	0.526597809731761	0.0	True	False	40	11960	/mnt/infini-data/test/BeyondMimic/res/tracking/g1_official_importer_export_full_bundle_scaled_ppo_checkpoint_sweep/iter_0100/tracking_g1_official_importer_export_scaled_ppo_checkpoint_eval_iter_0100.json	/mnt/infini-data/test/BeyondMimic/res/runs/tracking_g1_official_importer_export_full_bundle_scaled_ppo_checkpoint_sweep/iter_0100/resource_adjusted_ppo_eval_20260621_011337_seed20260730/eval_metrics.json	/mnt/infini-data/test/BeyondMimic/res/runs/tracking_g1_official_importer_export_full_bundle_scaled_ppo_checkpoint_sweep/iter_0100/resource_adjusted_ppo_eval_20260621_011337_seed20260730/eval_timeseries.csv	/mnt/infini-data/test/BeyondMimic/res/runs/tracking_g1_official_importer_export_full_bundle_scaled_ppo_checkpoint_sweep/iter_0100/resource_adjusted_ppo_eval_20260621_011337_seed20260730/gpu_metrics.csv	/mnt/infini-data/test/BeyondMimic/logs/tracking_g1_official_importer_export_full_bundle_scaled_ppo_checkpoint_sweep/tracking_g1_resource_adjusted_ppo_checkpoint_eval.log
150	/mnt/infini-data/test/BeyondMimic/res/runs/tracking_g1_official_importer_export_full_bundle_scaled_ppo_training/resource_adjusted_ppo_20260620_183959_seed20260696/rank_0/model_150.pt	ok_official_importer_export_full_bundle_scaled_ppo_checkpoint_eval_completed	[4, 7]	42.249	256	299	76544	150	0.02326877580264141	76544	0	1.0	0.059551948052285905	0.6452447620522617	0.9208521964557992	0.4443152433255046	0.526597809731761	0.0	True	False	40	11960	/mnt/infini-data/test/BeyondMimic/res/tracking/g1_official_importer_export_full_bundle_scaled_ppo_checkpoint_sweep/iter_0150/tracking_g1_official_importer_export_scaled_ppo_checkpoint_eval_iter_0150.json	/mnt/infini-data/test/BeyondMimic/res/runs/tracking_g1_official_importer_export_full_bundle_scaled_ppo_checkpoint_sweep/iter_0150/resource_adjusted_ppo_eval_20260621_011419_seed20260730/eval_metrics.json	/mnt/infini-data/test/BeyondMimic/res/runs/tracking_g1_official_importer_export_full_bundle_scaled_ppo_checkpoint_sweep/iter_0150/resource_adjusted_ppo_eval_20260621_011419_seed20260730/eval_timeseries.csv	/mnt/infini-data/test/BeyondMimic/res/runs/tracking_g1_official_importer_export_full_bundle_scaled_ppo_checkpoint_sweep/iter_0150/resource_adjusted_ppo_eval_20260621_011419_seed20260730/gpu_metrics.csv	/mnt/infini-data/test/BeyondMimic/logs/tracking_g1_official_importer_export_full_bundle_scaled_ppo_checkpoint_sweep/tracking_g1_resource_adjusted_ppo_checkpoint_eval.log
200	/mnt/infini-data/test/BeyondMimic/res/runs/tracking_g1_official_importer_export_full_bundle_scaled_ppo_training/resource_adjusted_ppo_20260620_183959_seed20260696/rank_0/model_200.pt	ok_official_importer_export_full_bundle_scaled_ppo_checkpoint_eval_completed	[4, 7]	41.375	256	299	76544	200	0.023272483836996514	76544	0	1.0	0.059551948052285905	0.6452447620522617	0.9208521964557992	0.4443152433255046	0.526597809731761	0.0	True	False	40	11960	/mnt/infini-data/test/BeyondMimic/res/tracking/g1_official_importer_export_full_bundle_scaled_ppo_checkpoint_sweep/iter_0200/tracking_g1_official_importer_export_scaled_ppo_checkpoint_eval_iter_0200.json	/mnt/infini-data/test/BeyondMimic/res/runs/tracking_g1_official_importer_export_full_bundle_scaled_ppo_checkpoint_sweep/iter_0200/resource_adjusted_ppo_eval_20260621_011502_seed20260730/eval_metrics.json	/mnt/infini-data/test/BeyondMimic/res/runs/tracking_g1_official_importer_export_full_bundle_scaled_ppo_checkpoint_sweep/iter_0200/resource_adjusted_ppo_eval_20260621_011502_seed20260730/eval_timeseries.csv	/mnt/infini-data/test/BeyondMimic/res/runs/tracking_g1_official_importer_export_full_bundle_scaled_ppo_checkpoint_sweep/iter_0200/resource_adjusted_ppo_eval_20260621_011502_seed20260730/gpu_metrics.csv	/mnt/infini-data/test/BeyondMimic/logs/tracking_g1_official_importer_export_full_bundle_scaled_ppo_checkpoint_sweep/tracking_g1_resource_adjusted_ppo_checkpoint_eval.log
250	/mnt/infini-data/test/BeyondMimic/res/runs/tracking_g1_official_importer_export_full_bundle_scaled_ppo_training/resource_adjusted_ppo_20260620_183959_seed20260696/rank_0/model_250.pt	ok_official_importer_export_full_bundle_scaled_ppo_checkpoint_eval_completed	[4, 7]	41.518	256	299	76544	250	0.02326767363376841	76544	0	1.0	0.059551948052285905	0.6452447620522617	0.9208521964557992	0.4443152433255046	0.526597809731761	0.0	True	False	40	11960	/mnt/infini-data/test/BeyondMimic/res/tracking/g1_official_importer_export_full_bundle_scaled_ppo_checkpoint_sweep/iter_0250/tracking_g1_official_importer_export_scaled_ppo_checkpoint_eval_iter_0250.json	/mnt/infini-data/test/BeyondMimic/res/runs/tracking_g1_official_importer_export_full_bundle_scaled_ppo_checkpoint_sweep/iter_0250/resource_adjusted_ppo_eval_20260621_011543_seed20260730/eval_metrics.json	/mnt/infini-data/test/BeyondMimic/res/runs/tracking_g1_official_importer_export_full_bundle_scaled_ppo_checkpoint_sweep/iter_0250/resource_adjusted_ppo_eval_20260621_011543_seed20260730/eval_timeseries.csv	/mnt/infini-data/test/BeyondMimic/res/runs/tracking_g1_official_importer_export_full_bundle_scaled_ppo_checkpoint_sweep/iter_0250/resource_adjusted_ppo_eval_20260621_011543_seed20260730/gpu_metrics.csv	/mnt/infini-data/test/BeyondMimic/logs/tracking_g1_official_importer_export_full_bundle_scaled_ppo_checkpoint_sweep/tracking_g1_resource_adjusted_ppo_checkpoint_eval.log
300	/mnt/infini-data/test/BeyondMimic/res/runs/tracking_g1_official_importer_export_full_bundle_scaled_ppo_training/resource_adjusted_ppo_20260620_183959_seed20260696/rank_0/model_300.pt	ok_official_importer_export_full_bundle_scaled_ppo_checkpoint_eval_completed	[4, 7]	41.213	256	299	76544	300	0.02327705469343774	76544	0	1.0	0.059551948052285905	0.6452447620522617	0.9208521964557992	0.4443152433255046	0.526597809731761	0.0	True	False	40	11960	/mnt/infini-data/test/BeyondMimic/res/tracking/g1_official_importer_export_full_bundle_scaled_ppo_checkpoint_sweep/iter_0300/tracking_g1_official_importer_export_scaled_ppo_checkpoint_eval_iter_0300.json	/mnt/infini-data/test/BeyondMimic/res/runs/tracking_g1_official_importer_export_full_bundle_scaled_ppo_checkpoint_sweep/iter_0300/resource_adjusted_ppo_eval_20260621_011625_seed20260730/eval_metrics.json	/mnt/infini-data/test/BeyondMimic/res/runs/tracking_g1_official_importer_export_full_bundle_scaled_ppo_checkpoint_sweep/iter_0300/resource_adjusted_ppo_eval_20260621_011625_seed20260730/eval_timeseries.csv	/mnt/infini-data/test/BeyondMimic/res/runs/tracking_g1_official_importer_export_full_bundle_scaled_ppo_checkpoint_sweep/iter_0300/resource_adjusted_ppo_eval_20260621_011625_seed20260730/gpu_metrics.csv	/mnt/infini-data/test/BeyondMimic/logs/tracking_g1_official_importer_export_full_bundle_scaled_ppo_checkpoint_sweep/tracking_g1_resource_adjusted_ppo_checkpoint_eval.log
350	/mnt/infini-data/test/BeyondMimic/res/runs/tracking_g1_official_importer_export_full_bundle_scaled_ppo_training/resource_adjusted_ppo_20260620_183959_seed20260696/rank_0/model_350.pt	ok_official_importer_export_full_bundle_scaled_ppo_checkpoint_eval_completed	[4, 7]	41.35	256	299	76544	350	0.02327692236464757	76544	0	1.0	0.059551948052285905	0.6452447620522617	0.9208521964557992	0.4443152433255046	0.526597809731761	0.0	True	False	40	11960	/mnt/infini-data/test/BeyondMimic/res/tracking/g1_official_importer_export_full_bundle_scaled_ppo_checkpoint_sweep/iter_0350/tracking_g1_official_importer_export_scaled_ppo_checkpoint_eval_iter_0350.json	/mnt/infini-data/test/BeyondMimic/res/runs/tracking_g1_official_importer_export_full_bundle_scaled_ppo_checkpoint_sweep/iter_0350/resource_adjusted_ppo_eval_20260621_011707_seed20260730/eval_metrics.json	/mnt/infini-data/test/BeyondMimic/res/runs/tracking_g1_official_importer_export_full_bundle_scaled_ppo_checkpoint_sweep/iter_0350/resource_adjusted_ppo_eval_20260621_011707_seed20260730/eval_timeseries.csv	/mnt/infini-data/test/BeyondMimic/res/runs/tracking_g1_official_importer_export_full_bundle_scaled_ppo_checkpoint_sweep/iter_0350/resource_adjusted_ppo_eval_20260621_011707_seed20260730/gpu_metrics.csv	/mnt/infini-data/test/BeyondMimic/logs/tracking_g1_official_importer_export_full_bundle_scaled_ppo_checkpoint_sweep/tracking_g1_resource_adjusted_ppo_checkpoint_eval.log
400	/mnt/infini-data/test/BeyondMimic/res/runs/tracking_g1_official_importer_export_full_bundle_scaled_ppo_training/resource_adjusted_ppo_20260620_183959_seed20260696/rank_0/model_400.pt	ok_official_importer_export_full_bundle_scaled_ppo_checkpoint_eval_completed	[4, 7]	41.207	256	299	76544	400	0.02324639737954905	76544	0	1.0	0.059551948052285905	0.6452447620522617	0.9208521964557992	0.4443152433255046	0.526597809731761	0.0	True	False	40	11960	/mnt/infini-data/test/BeyondMimic/res/tracking/g1_official_importer_export_full_bundle_scaled_ppo_checkpoint_sweep/iter_0400/tracking_g1_official_importer_export_scaled_ppo_checkpoint_eval_iter_0400.json	/mnt/infini-data/test/BeyondMimic/res/runs/tracking_g1_official_importer_export_full_bundle_scaled_ppo_checkpoint_sweep/iter_0400/resource_adjusted_ppo_eval_20260621_011749_seed20260730/eval_metrics.json	/mnt/infini-data/test/BeyondMimic/res/runs/tracking_g1_official_importer_export_full_bundle_scaled_ppo_checkpoint_sweep/iter_0400/resource_adjusted_ppo_eval_20260621_011749_seed20260730/eval_timeseries.csv	/mnt/infini-data/test/BeyondMimic/res/runs/tracking_g1_official_importer_export_full_bundle_scaled_ppo_checkpoint_sweep/iter_0400/resource_adjusted_ppo_eval_20260621_011749_seed20260730/gpu_metrics.csv	/mnt/infini-data/test/BeyondMimic/logs/tracking_g1_official_importer_export_full_bundle_scaled_ppo_checkpoint_sweep/tracking_g1_resource_adjusted_ppo_checkpoint_eval.log
450	/mnt/infini-data/test/BeyondMimic/res/runs/tracking_g1_official_importer_export_full_bundle_scaled_ppo_training/resource_adjusted_ppo_20260620_183959_seed20260696/rank_0/model_450.pt	ok_official_importer_export_full_bundle_scaled_ppo_checkpoint_eval_completed	[4, 7]	41.27	256	299	76544	450	0.023259602649056393	76544	0	1.0	0.059551948052285905	0.6452447620522617	0.9208521964557992	0.4443152433255046	0.526597809731761	0.0	True	False	40	11960	/mnt/infini-data/test/BeyondMimic/res/tracking/g1_official_importer_export_full_bundle_scaled_ppo_checkpoint_sweep/iter_0450/tracking_g1_official_importer_export_scaled_ppo_checkpoint_eval_iter_0450.json	/mnt/infini-data/test/BeyondMimic/res/runs/tracking_g1_official_importer_export_full_bundle_scaled_ppo_checkpoint_sweep/iter_0450/resource_adjusted_ppo_eval_20260621_011830_seed20260730/eval_metrics.json	/mnt/infini-data/test/BeyondMimic/res/runs/tracking_g1_official_importer_export_full_bundle_scaled_ppo_checkpoint_sweep/iter_0450/resource_adjusted_ppo_eval_20260621_011830_seed20260730/eval_timeseries.csv	/mnt/infini-data/test/BeyondMimic/res/runs/tracking_g1_official_importer_export_full_bundle_scaled_ppo_checkpoint_sweep/iter_0450/resource_adjusted_ppo_eval_20260621_011830_seed20260730/gpu_metrics.csv	/mnt/infini-data/test/BeyondMimic/logs/tracking_g1_official_importer_export_full_bundle_scaled_ppo_checkpoint_sweep/tracking_g1_resource_adjusted_ppo_checkpoint_eval.log
500	/mnt/infini-data/test/BeyondMimic/res/runs/tracking_g1_official_importer_export_full_bundle_scaled_ppo_training/resource_adjusted_ppo_20260620_183959_seed20260696/rank_0/model_500.pt	ok_official_importer_export_full_bundle_scaled_ppo_checkpoint_eval_completed	[4, 7]	41.421	256	299	76544	500	0.023235889706125227	76544	0	1.0	0.059551948052285905	0.6452447620522617	0.9208521964557992	0.4443152433255046	0.526597809731761	0.0	True	False	40	11960	/mnt/infini-data/test/BeyondMimic/res/tracking/g1_official_importer_export_full_bundle_scaled_ppo_checkpoint_sweep/iter_0500/tracking_g1_official_importer_export_scaled_ppo_checkpoint_eval_iter_0500.json	/mnt/infini-data/test/BeyondMimic/res/runs/tracking_g1_official_importer_export_full_bundle_scaled_ppo_checkpoint_sweep/iter_0500/resource_adjusted_ppo_eval_20260621_011912_seed20260730/eval_metrics.json	/mnt/infini-data/test/BeyondMimic/res/runs/tracking_g1_official_importer_export_full_bundle_scaled_ppo_checkpoint_sweep/iter_0500/resource_adjusted_ppo_eval_20260621_011912_seed20260730/eval_timeseries.csv	/mnt/infini-data/test/BeyondMimic/res/runs/tracking_g1_official_importer_export_full_bundle_scaled_ppo_checkpoint_sweep/iter_0500/resource_adjusted_ppo_eval_20260621_011912_seed20260730/gpu_metrics.csv	/mnt/infini-data/test/BeyondMimic/logs/tracking_g1_official_importer_export_full_bundle_scaled_ppo_checkpoint_sweep/tracking_g1_resource_adjusted_ppo_checkpoint_eval.log
550	/mnt/infini-data/test/BeyondMimic/res/runs/tracking_g1_official_importer_export_full_bundle_scaled_ppo_training/resource_adjusted_ppo_20260620_183959_seed20260696/rank_0/model_550.pt	ok_official_importer_export_full_bundle_scaled_ppo_checkpoint_eval_completed	[4, 7]	41.154	256	299	76544	550	0.023237854304620654	76544	0	1.0	0.059551948052285905	0.6452447620522617	0.9208521964557992	0.4443152433255046	0.526597809731761	0.0	True	False	40	11960	/mnt/infini-data/test/BeyondMimic/res/tracking/g1_official_importer_export_full_bundle_scaled_ppo_checkpoint_sweep/iter_0550/tracking_g1_official_importer_export_scaled_ppo_checkpoint_eval_iter_0550.json	/mnt/infini-data/test/BeyondMimic/res/runs/tracking_g1_official_importer_export_full_bundle_scaled_ppo_checkpoint_sweep/iter_0550/resource_adjusted_ppo_eval_20260621_011954_seed20260730/eval_metrics.json	/mnt/infini-data/test/BeyondMimic/res/runs/tracking_g1_official_importer_export_full_bundle_scaled_ppo_checkpoint_sweep/iter_0550/resource_adjusted_ppo_eval_20260621_011954_seed20260730/eval_timeseries.csv	/mnt/infini-data/test/BeyondMimic/res/runs/tracking_g1_official_importer_export_full_bundle_scaled_ppo_checkpoint_sweep/iter_0550/resource_adjusted_ppo_eval_20260621_011954_seed20260730/gpu_metrics.csv	/mnt/infini-data/test/BeyondMimic/logs/tracking_g1_official_importer_export_full_bundle_scaled_ppo_checkpoint_sweep/tracking_g1_resource_adjusted_ppo_checkpoint_eval.log
600	/mnt/infini-data/test/BeyondMimic/res/runs/tracking_g1_official_importer_export_full_bundle_scaled_ppo_training/resource_adjusted_ppo_20260620_183959_seed20260696/rank_0/model_600.pt	ok_official_importer_export_full_bundle_scaled_ppo_checkpoint_eval_completed	[4, 7]	41.243	256	299	76544	600	0.023256015661717658	76544	0	1.0	0.059551948052285905	0.6452447620522617	0.9208521964557992	0.4443152433255046	0.526597809731761	0.0	True	False	40	11960	/mnt/infini-data/test/BeyondMimic/res/tracking/g1_official_importer_export_full_bundle_scaled_ppo_checkpoint_sweep/iter_0600/tracking_g1_official_importer_export_scaled_ppo_checkpoint_eval_iter_0600.json	/mnt/infini-data/test/BeyondMimic/res/runs/tracking_g1_official_importer_export_full_bundle_scaled_ppo_checkpoint_sweep/iter_0600/resource_adjusted_ppo_eval_20260621_012035_seed20260730/eval_metrics.json	/mnt/infini-data/test/BeyondMimic/res/runs/tracking_g1_official_importer_export_full_bundle_scaled_ppo_checkpoint_sweep/iter_0600/resource_adjusted_ppo_eval_20260621_012035_seed20260730/eval_timeseries.csv	/mnt/infini-data/test/BeyondMimic/res/runs/tracking_g1_official_importer_export_full_bundle_scaled_ppo_checkpoint_sweep/iter_0600/resource_adjusted_ppo_eval_20260621_012035_seed20260730/gpu_metrics.csv	/mnt/infini-data/test/BeyondMimic/logs/tracking_g1_official_importer_export_full_bundle_scaled_ppo_checkpoint_sweep/tracking_g1_resource_adjusted_ppo_checkpoint_eval.log
650	/mnt/infini-data/test/BeyondMimic/res/runs/tracking_g1_official_importer_export_full_bundle_scaled_ppo_training/resource_adjusted_ppo_20260620_183959_seed20260696/rank_0/model_650.pt	ok_official_importer_export_full_bundle_scaled_ppo_checkpoint_eval_completed	[4, 7]	41.244	256	299	76544	650	0.023242740764167397	76544	0	1.0	0.059551948052285905	0.6452447620522617	0.9208521964557992	0.4443152433255046	0.526597809731761	0.0	True	False	40	11960	/mnt/infini-data/test/BeyondMimic/res/tracking/g1_official_importer_export_full_bundle_scaled_ppo_checkpoint_sweep/iter_0650/tracking_g1_official_importer_export_scaled_ppo_checkpoint_eval_iter_0650.json	/mnt/infini-data/test/BeyondMimic/res/runs/tracking_g1_official_importer_export_full_bundle_scaled_ppo_checkpoint_sweep/iter_0650/resource_adjusted_ppo_eval_20260621_012117_seed20260730/eval_metrics.json	/mnt/infini-data/test/BeyondMimic/res/runs/tracking_g1_official_importer_export_full_bundle_scaled_ppo_checkpoint_sweep/iter_0650/resource_adjusted_ppo_eval_20260621_012117_seed20260730/eval_timeseries.csv	/mnt/infini-data/test/BeyondMimic/res/runs/tracking_g1_official_importer_export_full_bundle_scaled_ppo_checkpoint_sweep/iter_0650/resource_adjusted_ppo_eval_20260621_012117_seed20260730/gpu_metrics.csv	/mnt/infini-data/test/BeyondMimic/logs/tracking_g1_official_importer_export_full_bundle_scaled_ppo_checkpoint_sweep/tracking_g1_resource_adjusted_ppo_checkpoint_eval.log
700	/mnt/infini-data/test/BeyondMimic/res/runs/tracking_g1_official_importer_export_full_bundle_scaled_ppo_training/resource_adjusted_ppo_20260620_183959_seed20260696/rank_0/model_700.pt	ok_official_importer_export_full_bundle_scaled_ppo_checkpoint_eval_completed	[4, 7]	41.347	256	299	76544	700	0.023229866877297892	76544	0	1.0	0.059551948052285905	0.6452447620522617	0.9208521964557992	0.4443152433255046	0.526597809731761	0.0	True	False	40	11960	/mnt/infini-data/test/BeyondMimic/res/tracking/g1_official_importer_export_full_bundle_scaled_ppo_checkpoint_sweep/iter_0700/tracking_g1_official_importer_export_scaled_ppo_checkpoint_eval_iter_0700.json	/mnt/infini-data/test/BeyondMimic/res/runs/tracking_g1_official_importer_export_full_bundle_scaled_ppo_checkpoint_sweep/iter_0700/resource_adjusted_ppo_eval_20260621_012159_seed20260730/eval_metrics.json	/mnt/infini-data/test/BeyondMimic/res/runs/tracking_g1_official_importer_export_full_bundle_scaled_ppo_checkpoint_sweep/iter_0700/resource_adjusted_ppo_eval_20260621_012159_seed20260730/eval_timeseries.csv	/mnt/infini-data/test/BeyondMimic/res/runs/tracking_g1_official_importer_export_full_bundle_scaled_ppo_checkpoint_sweep/iter_0700/resource_adjusted_ppo_eval_20260621_012159_seed20260730/gpu_metrics.csv	/mnt/infini-data/test/BeyondMimic/logs/tracking_g1_official_importer_export_full_bundle_scaled_ppo_checkpoint_sweep/tracking_g1_resource_adjusted_ppo_checkpoint_eval.log
750	/mnt/infini-data/test/BeyondMimic/res/runs/tracking_g1_official_importer_export_full_bundle_scaled_ppo_training/resource_adjusted_ppo_20260620_183959_seed20260696/rank_0/model_750.pt	ok_official_importer_export_full_bundle_scaled_ppo_checkpoint_eval_completed	[4, 7]	41.397	256	299	76544	750	0.023259444835044468	76544	0	1.0	0.059551948052285905	0.6452447620522617	0.9208521964557992	0.4443152433255046	0.526597809731761	0.0	True	False	40	11960	/mnt/infini-data/test/BeyondMimic/res/tracking/g1_official_importer_export_full_bundle_scaled_ppo_checkpoint_sweep/iter_0750/tracking_g1_official_importer_export_scaled_ppo_checkpoint_eval_iter_0750.json	/mnt/infini-data/test/BeyondMimic/res/runs/tracking_g1_official_importer_export_full_bundle_scaled_ppo_checkpoint_sweep/iter_0750/resource_adjusted_ppo_eval_20260621_012240_seed20260730/eval_metrics.json	/mnt/infini-data/test/BeyondMimic/res/runs/tracking_g1_official_importer_export_full_bundle_scaled_ppo_checkpoint_sweep/iter_0750/resource_adjusted_ppo_eval_20260621_012240_seed20260730/eval_timeseries.csv	/mnt/infini-data/test/BeyondMimic/res/runs/tracking_g1_official_importer_export_full_bundle_scaled_ppo_checkpoint_sweep/iter_0750/resource_adjusted_ppo_eval_20260621_012240_seed20260730/gpu_metrics.csv	/mnt/infini-data/test/BeyondMimic/logs/tracking_g1_official_importer_export_full_bundle_scaled_ppo_checkpoint_sweep/tracking_g1_resource_adjusted_ppo_checkpoint_eval.log
800	/mnt/infini-data/test/BeyondMimic/res/runs/tracking_g1_official_importer_export_full_bundle_scaled_ppo_training/resource_adjusted_ppo_20260620_183959_seed20260696/rank_0/model_800.pt	ok_official_importer_export_full_bundle_scaled_ppo_checkpoint_eval_completed	[4, 7]	41.162	256	299	76544	800	0.023242559888241282	76544	0	1.0	0.059551948052285905	0.6452447620522617	0.9208521964557992	0.4443152433255046	0.526597809731761	0.0	True	False	40	11960	/mnt/infini-data/test/BeyondMimic/res/tracking/g1_official_importer_export_full_bundle_scaled_ppo_checkpoint_sweep/iter_0800/tracking_g1_official_importer_export_scaled_ppo_checkpoint_eval_iter_0800.json	/mnt/infini-data/test/BeyondMimic/res/runs/tracking_g1_official_importer_export_full_bundle_scaled_ppo_checkpoint_sweep/iter_0800/resource_adjusted_ppo_eval_20260621_012322_seed20260730/eval_metrics.json	/mnt/infini-data/test/BeyondMimic/res/runs/tracking_g1_official_importer_export_full_bundle_scaled_ppo_checkpoint_sweep/iter_0800/resource_adjusted_ppo_eval_20260621_012322_seed20260730/eval_timeseries.csv	/mnt/infini-data/test/BeyondMimic/res/runs/tracking_g1_official_importer_export_full_bundle_scaled_ppo_checkpoint_sweep/iter_0800/resource_adjusted_ppo_eval_20260621_012322_seed20260730/gpu_metrics.csv	/mnt/infini-data/test/BeyondMimic/logs/tracking_g1_official_importer_export_full_bundle_scaled_ppo_checkpoint_sweep/tracking_g1_resource_adjusted_ppo_checkpoint_eval.log
850	/mnt/infini-data/test/BeyondMimic/res/runs/tracking_g1_official_importer_export_full_bundle_scaled_ppo_training/resource_adjusted_ppo_20260620_183959_seed20260696/rank_0/model_850.pt	ok_official_importer_export_full_bundle_scaled_ppo_checkpoint_eval_completed	[4, 7]	41.406	256	299	76544	850	0.023242318105687665	76544	0	1.0	0.059551948052285905	0.6452447620522617	0.9208521964557992	0.4443152433255046	0.526597809731761	0.0	True	False	40	11960	/mnt/infini-data/test/BeyondMimic/res/tracking/g1_official_importer_export_full_bundle_scaled_ppo_checkpoint_sweep/iter_0850/tracking_g1_official_importer_export_scaled_ppo_checkpoint_eval_iter_0850.json	/mnt/infini-data/test/BeyondMimic/res/runs/tracking_g1_official_importer_export_full_bundle_scaled_ppo_checkpoint_sweep/iter_0850/resource_adjusted_ppo_eval_20260621_012404_seed20260730/eval_metrics.json	/mnt/infini-data/test/BeyondMimic/res/runs/tracking_g1_official_importer_export_full_bundle_scaled_ppo_checkpoint_sweep/iter_0850/resource_adjusted_ppo_eval_20260621_012404_seed20260730/eval_timeseries.csv	/mnt/infini-data/test/BeyondMimic/res/runs/tracking_g1_official_importer_export_full_bundle_scaled_ppo_checkpoint_sweep/iter_0850/resource_adjusted_ppo_eval_20260621_012404_seed20260730/gpu_metrics.csv	/mnt/infini-data/test/BeyondMimic/logs/tracking_g1_official_importer_export_full_bundle_scaled_ppo_checkpoint_sweep/tracking_g1_resource_adjusted_ppo_checkpoint_eval.log
900	/mnt/infini-data/test/BeyondMimic/res/runs/tracking_g1_official_importer_export_full_bundle_scaled_ppo_training/resource_adjusted_ppo_20260620_183959_seed20260696/rank_0/model_900.pt	ok_official_importer_export_full_bundle_scaled_ppo_checkpoint_eval_completed	[4, 7]	41.189	256	299	76544	900	0.023257872127121108	76544	0	1.0	0.059551948052285905	0.6452447620522617	0.9208521964557992	0.4443152433255046	0.526597809731761	0.0	True	False	40	11960	/mnt/infini-data/test/BeyondMimic/res/tracking/g1_official_importer_export_full_bundle_scaled_ppo_checkpoint_sweep/iter_0900/tracking_g1_official_importer_export_scaled_ppo_checkpoint_eval_iter_0900.json	/mnt/infini-data/test/BeyondMimic/res/runs/tracking_g1_official_importer_export_full_bundle_scaled_ppo_checkpoint_sweep/iter_0900/resource_adjusted_ppo_eval_20260621_012446_seed20260730/eval_metrics.json	/mnt/infini-data/test/BeyondMimic/res/runs/tracking_g1_official_importer_export_full_bundle_scaled_ppo_checkpoint_sweep/iter_0900/resource_adjusted_ppo_eval_20260621_012446_seed20260730/eval_timeseries.csv	/mnt/infini-data/test/BeyondMimic/res/runs/tracking_g1_official_importer_export_full_bundle_scaled_ppo_checkpoint_sweep/iter_0900/resource_adjusted_ppo_eval_20260621_012446_seed20260730/gpu_metrics.csv	/mnt/infini-data/test/BeyondMimic/logs/tracking_g1_official_importer_export_full_bundle_scaled_ppo_checkpoint_sweep/tracking_g1_resource_adjusted_ppo_checkpoint_eval.log
950	/mnt/infini-data/test/BeyondMimic/res/runs/tracking_g1_official_importer_export_full_bundle_scaled_ppo_training/resource_adjusted_ppo_20260620_183959_seed20260696/rank_0/model_950.pt	ok_official_importer_export_full_bundle_scaled_ppo_checkpoint_eval_completed	[4, 7]	42.179	256	299	76544	950	0.023236259656107944	76544	0	1.0	0.059551948052285905	0.6452447620522617	0.9208521964557992	0.4443152433255046	0.526597809731761	0.0	True	False	40	11960	/mnt/infini-data/test/BeyondMimic/res/tracking/g1_official_importer_export_full_bundle_scaled_ppo_checkpoint_sweep/iter_0950/tracking_g1_official_importer_export_scaled_ppo_checkpoint_eval_iter_0950.json	/mnt/infini-data/test/BeyondMimic/res/runs/tracking_g1_official_importer_export_full_bundle_scaled_ppo_checkpoint_sweep/iter_0950/resource_adjusted_ppo_eval_20260621_012527_seed20260730/eval_metrics.json	/mnt/infini-data/test/BeyondMimic/res/runs/tracking_g1_official_importer_export_full_bundle_scaled_ppo_checkpoint_sweep/iter_0950/resource_adjusted_ppo_eval_20260621_012527_seed20260730/eval_timeseries.csv	/mnt/infini-data/test/BeyondMimic/res/runs/tracking_g1_official_importer_export_full_bundle_scaled_ppo_checkpoint_sweep/iter_0950/resource_adjusted_ppo_eval_20260621_012527_seed20260730/gpu_metrics.csv	/mnt/infini-data/test/BeyondMimic/logs/tracking_g1_official_importer_export_full_bundle_scaled_ppo_checkpoint_sweep/tracking_g1_resource_adjusted_ppo_checkpoint_eval.log
999	/mnt/infini-data/test/BeyondMimic/res/runs/tracking_g1_official_importer_export_full_bundle_scaled_ppo_training/resource_adjusted_ppo_20260620_183959_seed20260696/rank_0/model_999.pt	ok_official_importer_export_full_bundle_scaled_ppo_checkpoint_eval_completed	[4, 7]	41.196	256	299	76544	999	0.02325316603267472	76544	0	1.0	0.059551948052285905	0.6452447620522617	0.9208521964557992	0.4443152433255046	0.526597809731761	0.0	True	False	40	11960	/mnt/infini-data/test/BeyondMimic/res/tracking/g1_official_importer_export_full_bundle_scaled_ppo_checkpoint_sweep/iter_0999/tracking_g1_official_importer_export_scaled_ppo_checkpoint_eval_iter_0999.json	/mnt/infini-data/test/BeyondMimic/res/runs/tracking_g1_official_importer_export_full_bundle_scaled_ppo_checkpoint_sweep/iter_0999/resource_adjusted_ppo_eval_20260621_012610_seed20260730/eval_metrics.json	/mnt/infini-data/test/BeyondMimic/res/runs/tracking_g1_official_importer_export_full_bundle_scaled_ppo_checkpoint_sweep/iter_0999/resource_adjusted_ppo_eval_20260621_012610_seed20260730/eval_timeseries.csv	/mnt/infini-data/test/BeyondMimic/res/runs/tracking_g1_official_importer_export_full_bundle_scaled_ppo_checkpoint_sweep/iter_0999/resource_adjusted_ppo_eval_20260621_012610_seed20260730/gpu_metrics.csv	/mnt/infini-data/test/BeyondMimic/logs/tracking_g1_official_importer_export_full_bundle_scaled_ppo_checkpoint_sweep/tracking_g1_resource_adjusted_ppo_checkpoint_eval.log
